"","analysis_type","analysis_var","analysis_var_value","group_var","group_var_value","stat","stat_low","stat_upp","n","n_total","n_w","n_w_total","analysis_key"
"1.1","prop_select_one","edu_ind_access_d","0",NA,NA,0.155713823243768,0.142920359997495,0.168507286490041,481,3089,481,3089,"prop_select_one @/@ edu_ind_access_d %/% 0 @/@ NA %/% NA"
"1.2","prop_select_one","edu_ind_access_d","1",NA,NA,0.844286176756232,0.831492713509959,0.857079640002505,2608,3089,2608,3089,"prop_select_one @/@ edu_ind_access_d %/% 1 @/@ NA %/% NA"
"2.1","prop_select_one","edu_attending_level0_level1_and_level1_minus_one_age_d","0",NA,NA,0.140350877192982,0.0879074270726646,0.1927943273133,24,171,24,171,"prop_select_one @/@ edu_attending_level0_level1_and_level1_minus_one_age_d %/% 0 @/@ NA %/% NA"
"2.2","prop_select_one","edu_attending_level0_level1_and_level1_minus_one_age_d","1",NA,NA,0.859649122807018,0.8072056726867,0.912092572927335,147,171,147,171,"prop_select_one @/@ edu_attending_level0_level1_and_level1_minus_one_age_d %/% 1 @/@ NA %/% NA"
"2.3","prop_select_one","edu_attending_level0_level1_and_level1_minus_one_age_d",NA,NA,NA,NA,NA,NA,2918,NA,NA,NA,"prop_select_one @/@ edu_attending_level0_level1_and_level1_minus_one_age_d %/% NA @/@ NA %/% NA"
"3.1","prop_select_one","edu_attending_level1_and_level1_minus_one_age_d","0",NA,NA,0.387096774193548,0.263380040993607,0.51081350739349,24,62,24,62,"prop_select_one @/@ edu_attending_level1_and_level1_minus_one_age_d %/% 0 @/@ NA %/% NA"
"3.2","prop_select_one","edu_attending_level1_and_level1_minus_one_age_d","1",NA,NA,0.612903225806452,0.48918649260651,0.736619959006393,38,62,38,62,"prop_select_one @/@ edu_attending_level1_and_level1_minus_one_age_d %/% 1 @/@ NA %/% NA"
"3.3","prop_select_one","edu_attending_level1_and_level1_minus_one_age_d",NA,NA,NA,NA,NA,NA,3027,NA,NA,NA,"prop_select_one @/@ edu_attending_level1_and_level1_minus_one_age_d %/% NA @/@ NA %/% NA"
"4.1","prop_select_one","edu_attending_level123_and_level1_age_d","0",NA,NA,0.122328666175387,0.104876619303215,0.139780713047559,166,1357,166,1357,"prop_select_one @/@ edu_attending_level123_and_level1_age_d %/% 0 @/@ NA %/% NA"
"4.2","prop_select_one","edu_attending_level123_and_level1_age_d","1",NA,NA,0.877671333824613,0.860219286952441,0.895123380696785,1191,1357,1191,1357,"prop_select_one @/@ edu_attending_level123_and_level1_age_d %/% 1 @/@ NA %/% NA"
"4.3","prop_select_one","edu_attending_level123_and_level1_age_d",NA,NA,NA,NA,NA,NA,1732,NA,NA,NA,"prop_select_one @/@ edu_attending_level123_and_level1_age_d %/% NA @/@ NA %/% NA"
"5.1","prop_select_one","edu_attending_level23_and_level2_age_d","0",NA,NA,0.128378378378378,0.104233537479033,0.152523219277724,95,740,95,740,"prop_select_one @/@ edu_attending_level23_and_level2_age_d %/% 0 @/@ NA %/% NA"
"5.2","prop_select_one","edu_attending_level23_and_level2_age_d","1",NA,NA,0.871621621621622,0.847476780722276,0.895766462520967,645,740,645,740,"prop_select_one @/@ edu_attending_level23_and_level2_age_d %/% 1 @/@ NA %/% NA"
"5.3","prop_select_one","edu_attending_level23_and_level2_age_d",NA,NA,NA,NA,NA,NA,2349,NA,NA,NA,"prop_select_one @/@ edu_attending_level23_and_level2_age_d %/% NA @/@ NA %/% NA"
"6.1","prop_select_one","edu_attending_level3_and_level3_age_d","0",NA,NA,0.394640682095006,0.361152169192483,0.428129194997529,324,821,324,821,"prop_select_one @/@ edu_attending_level3_and_level3_age_d %/% 0 @/@ NA %/% NA"
"6.2","prop_select_one","edu_attending_level3_and_level3_age_d","1",NA,NA,0.605359317904994,0.571870805002471,0.638847830807517,497,821,497,821,"prop_select_one @/@ edu_attending_level3_and_level3_age_d %/% 1 @/@ NA %/% NA"
"6.3","prop_select_one","edu_attending_level3_and_level3_age_d",NA,NA,NA,NA,NA,NA,2268,NA,NA,NA,"prop_select_one @/@ edu_attending_level3_and_level3_age_d %/% NA @/@ NA %/% NA"
"7.1","prop_select_one","edu_level1_overage_learners_d","0",NA,NA,0.901734104046243,0.890273881186016,0.91319432690647,2340,2595,2340,2595,"prop_select_one @/@ edu_level1_overage_learners_d %/% 0 @/@ NA %/% NA"
"7.2","prop_select_one","edu_level1_overage_learners_d","1",NA,NA,0.0982658959537572,0.0868056730935305,0.109726118813984,255,2595,255,2595,"prop_select_one @/@ edu_level1_overage_learners_d %/% 1 @/@ NA %/% NA"
"7.3","prop_select_one","edu_level1_overage_learners_d",NA,NA,NA,NA,NA,NA,494,NA,NA,NA,"prop_select_one @/@ edu_level1_overage_learners_d %/% NA @/@ NA %/% NA"
"8.1","prop_select_one","edu_level2_overage_learners_d","0",NA,NA,0.977649325626204,0.971958316596939,0.983340334655469,2537,2595,2537,2595,"prop_select_one @/@ edu_level2_overage_learners_d %/% 0 @/@ NA %/% NA"
"8.2","prop_select_one","edu_level2_overage_learners_d","1",NA,NA,0.0223506743737958,0.0166596653445306,0.0280416834030609,58,2595,58,2595,"prop_select_one @/@ edu_level2_overage_learners_d %/% 1 @/@ NA %/% NA"
"8.3","prop_select_one","edu_level2_overage_learners_d",NA,NA,NA,NA,NA,NA,494,NA,NA,NA,"prop_select_one @/@ edu_level2_overage_learners_d %/% NA @/@ NA %/% NA"
"9.1","prop_select_one","edu_disrupted_teacher_d","0",NA,NA,0.773879142300195,0.757680200025999,0.790078084574391,1985,2565,1985,2565,"prop_select_one @/@ edu_disrupted_teacher_d %/% 0 @/@ NA %/% NA"
"9.2","prop_select_one","edu_disrupted_teacher_d","1",NA,NA,0.226120857699805,0.209921915425609,0.242319799974001,580,2565,580,2565,"prop_select_one @/@ edu_disrupted_teacher_d %/% 1 @/@ NA %/% NA"
"9.3","prop_select_one","edu_disrupted_teacher_d",NA,NA,NA,NA,NA,NA,524,NA,NA,NA,"prop_select_one @/@ edu_disrupted_teacher_d %/% NA @/@ NA %/% NA"
"10.1","prop_select_one","edu_disrupted_occupation_d","0",NA,NA,0.989662027833002,0.985706361261999,0.993617694404005,2489,2515,2489,2515,"prop_select_one @/@ edu_disrupted_occupation_d %/% 0 @/@ NA %/% NA"
"10.2","prop_select_one","edu_disrupted_occupation_d","1",NA,NA,0.010337972166998,0.00638230559599475,0.0142936387380013,26,2515,26,2515,"prop_select_one @/@ edu_disrupted_occupation_d %/% 1 @/@ NA %/% NA"
"10.3","prop_select_one","edu_disrupted_occupation_d",NA,NA,NA,NA,NA,NA,574,NA,NA,NA,"prop_select_one @/@ edu_disrupted_occupation_d %/% NA @/@ NA %/% NA"
"11.1","prop_select_one","edu_disrupted_hazards_d","0",NA,NA,0.855161787365177,0.841615060111794,0.86870851461856,2220,2596,2220,2596,"prop_select_one @/@ edu_disrupted_hazards_d %/% 0 @/@ NA %/% NA"
"11.2","prop_select_one","edu_disrupted_hazards_d","1",NA,NA,0.144838212634823,0.13129148538144,0.158384939888206,376,2596,376,2596,"prop_select_one @/@ edu_disrupted_hazards_d %/% 1 @/@ NA %/% NA"
"11.3","prop_select_one","edu_disrupted_hazards_d",NA,NA,NA,NA,NA,NA,493,NA,NA,NA,"prop_select_one @/@ edu_disrupted_hazards_d %/% NA @/@ NA %/% NA"
"12.1","prop_select_one","edu_disrupted_displaced_d","0",NA,NA,0.967703349282297,0.960780032200021,0.974626666364572,2427,2508,2427,2508,"prop_select_one @/@ edu_disrupted_displaced_d %/% 0 @/@ NA %/% NA"
"12.2","prop_select_one","edu_disrupted_displaced_d","1",NA,NA,0.0322966507177034,0.0253733336354282,0.0392199677999785,81,2508,81,2508,"prop_select_one @/@ edu_disrupted_displaced_d %/% 1 @/@ NA %/% NA"
"12.3","prop_select_one","edu_disrupted_displaced_d",NA,NA,NA,NA,NA,NA,581,NA,NA,NA,"prop_select_one @/@ edu_disrupted_displaced_d %/% NA @/@ NA %/% NA"
"13.1","prop_select_one","edu_barrier_d","child_marriage",NA,NA,0.0225563909774436,0.00794016343017697,0.0371726185247102,9,399,9,399,"prop_select_one @/@ edu_barrier_d %/% child_marriage @/@ NA %/% NA"
"13.2","prop_select_one","edu_barrier_d","child_work_home",NA,NA,0.0050125313283208,-0.00193918414432895,0.0119642468009706,2,399,2,399,"prop_select_one @/@ edu_barrier_d %/% child_work_home @/@ NA %/% NA"
"13.3","prop_select_one","edu_barrier_d","child_work_outside",NA,NA,0.0025062656641604,-0.00241552653223418,0.00742805786055498,1,399,1,399,"prop_select_one @/@ edu_barrier_d %/% child_work_outside @/@ NA %/% NA"
"13.4","prop_select_one","edu_barrier_d","costs",NA,NA,0.81203007518797,0.77357223644093,0.850487913935009,324,399,324,399,"prop_select_one @/@ edu_barrier_d %/% costs @/@ NA %/% NA"
"13.5","prop_select_one","edu_barrier_d","dnk",NA,NA,0.0050125313283208,-0.00193918414432899,0.0119642468009706,2,399,2,399,"prop_select_one @/@ edu_barrier_d %/% dnk @/@ NA %/% NA"
"13.6","prop_select_one","edu_barrier_d","enroll_lack_documentation",NA,NA,0.0100250626566416,0.000218647374789632,0.0198314779384936,4,399,4,399,"prop_select_one @/@ edu_barrier_d %/% enroll_lack_documentation @/@ NA %/% NA"
"13.7","prop_select_one","edu_barrier_d","handicap_child",NA,NA,0.0200501253132832,0.00625215807243873,0.0338480925541277,8,399,8,399,"prop_select_one @/@ edu_barrier_d %/% handicap_child @/@ NA %/% NA"
"13.8","prop_select_one","edu_barrier_d","lack_accessible_school",NA,NA,0.0050125313283208,-0.00193918414432895,0.0119642468009706,2,399,2,399,"prop_select_one @/@ edu_barrier_d %/% lack_accessible_school @/@ NA %/% NA"
"13.9","prop_select_one","edu_barrier_d","lack_classrooms",NA,NA,0.0050125313283208,-0.00193918414432897,0.0119642468009706,2,399,2,399,"prop_select_one @/@ edu_barrier_d %/% lack_classrooms @/@ NA %/% NA"
"13.10","prop_select_one","edu_barrier_d","lack_interest",NA,NA,0.0426065162907268,0.0227255321229596,0.062487500458494,17,399,17,399,"prop_select_one @/@ edu_barrier_d %/% lack_interest @/@ NA %/% NA"
"13.11","prop_select_one","edu_barrier_d","other",NA,NA,0.0451127819548872,0.0246822122201409,0.0655433516896335,18,399,18,399,"prop_select_one @/@ edu_barrier_d %/% other @/@ NA %/% NA"
"13.12","prop_select_one","edu_barrier_d","pnta",NA,NA,0.012531328320802,0.00158130988431449,0.0234813467572895,5,399,5,399,"prop_select_one @/@ edu_barrier_d %/% pnta @/@ NA %/% NA"
"13.13","prop_select_one","edu_barrier_d","protection_at_school",NA,NA,0.0025062656641604,-0.0024155265322342,0.007428057860555,1,399,1,399,"prop_select_one @/@ edu_barrier_d %/% protection_at_school @/@ NA %/% NA"
"13.14","prop_select_one","edu_barrier_d","protection_travel_school",NA,NA,0.0050125313283208,-0.00193918414432894,0.0119642468009705,2,399,2,399,"prop_select_one @/@ edu_barrier_d %/% protection_travel_school @/@ NA %/% NA"
"13.15","prop_select_one","edu_barrier_d","school_closed",NA,NA,0.0050125313283208,-0.00193918414432896,0.0119642468009706,2,399,2,399,"prop_select_one @/@ edu_barrier_d %/% school_closed @/@ NA %/% NA"
"13.16","prop_select_one","edu_barrier_d",NA,NA,NA,NA,NA,NA,2690,NA,NA,NA,"prop_select_one @/@ edu_barrier_d %/% NA @/@ NA %/% NA"
"14.1","prop_select_one","edu_ind_access_d","0","edu_school_cycle_d","3eme cycle du fondamental",0.121621621621622,0.0980592495302272,0.145183993713016,90,740,90,740,"prop_select_one @/@ edu_ind_access_d %/% 0 @/@ edu_school_cycle_d %/% 3eme cycle du fondamental"
"14.2","prop_select_one","edu_ind_access_d","1","edu_school_cycle_d","3eme cycle du fondamental",0.878378378378378,0.854816006286984,0.901940750469773,650,740,650,740,"prop_select_one @/@ edu_ind_access_d %/% 1 @/@ edu_school_cycle_d %/% 3eme cycle du fondamental"
"14.3","prop_select_one","edu_ind_access_d","0","edu_school_cycle_d","ECE",0.140350877192982,0.0882603468384913,0.192441407547474,24,171,24,171,"prop_select_one @/@ edu_ind_access_d %/% 0 @/@ edu_school_cycle_d %/% ECE"
"14.4","prop_select_one","edu_ind_access_d","1","edu_school_cycle_d","ECE",0.859649122807018,0.807558592452526,0.911739653161509,147,171,147,171,"prop_select_one @/@ edu_ind_access_d %/% 1 @/@ edu_school_cycle_d %/% ECE"
"14.5","prop_select_one","edu_ind_access_d","0","edu_school_cycle_d","Nouveau Secondaire",0.247259439707674,0.217732653645464,0.276786225769883,203,821,203,821,"prop_select_one @/@ edu_ind_access_d %/% 0 @/@ edu_school_cycle_d %/% Nouveau Secondaire"
"14.6","prop_select_one","edu_ind_access_d","1","edu_school_cycle_d","Nouveau Secondaire",0.752740560292326,0.723213774230117,0.782267346354536,618,821,618,821,"prop_select_one @/@ edu_ind_access_d %/% 1 @/@ edu_school_cycle_d %/% Nouveau Secondaire"
"14.7","prop_select_one","edu_ind_access_d","0","edu_school_cycle_d","enseignement fondamental",0.120854826823876,0.103502367665087,0.138207285982665,164,1357,164,1357,"prop_select_one @/@ edu_ind_access_d %/% 0 @/@ edu_school_cycle_d %/% enseignement fondamental"
"14.8","prop_select_one","edu_ind_access_d","1","edu_school_cycle_d","enseignement fondamental",0.879145173176124,0.861792714017335,0.896497632334913,1193,1357,1193,1357,"prop_select_one @/@ edu_ind_access_d %/% 1 @/@ edu_school_cycle_d %/% enseignement fondamental"
"15.1","prop_select_one","edu_attending_level0_level1_and_level1_minus_one_age_d",NA,"edu_school_cycle_d","3eme cycle du fondamental",NA,NA,NA,740,NA,NA,NA,"prop_select_one @/@ edu_attending_level0_level1_and_level1_minus_one_age_d %/% NA @/@ edu_school_cycle_d %/% 3eme cycle du fondamental"
"15.2","prop_select_one","edu_attending_level0_level1_and_level1_minus_one_age_d","0","edu_school_cycle_d","ECE",0.140350877192982,0.0879074270726646,0.1927943273133,24,171,24,171,"prop_select_one @/@ edu_attending_level0_level1_and_level1_minus_one_age_d %/% 0 @/@ edu_school_cycle_d %/% ECE"
"15.3","prop_select_one","edu_attending_level0_level1_and_level1_minus_one_age_d","1","edu_school_cycle_d","ECE",0.859649122807018,0.8072056726867,0.912092572927335,147,171,147,171,"prop_select_one @/@ edu_attending_level0_level1_and_level1_minus_one_age_d %/% 1 @/@ edu_school_cycle_d %/% ECE"
"15.4","prop_select_one","edu_attending_level0_level1_and_level1_minus_one_age_d",NA,"edu_school_cycle_d","Nouveau Secondaire",NA,NA,NA,821,NA,NA,NA,"prop_select_one @/@ edu_attending_level0_level1_and_level1_minus_one_age_d %/% NA @/@ edu_school_cycle_d %/% Nouveau Secondaire"
"15.5","prop_select_one","edu_attending_level0_level1_and_level1_minus_one_age_d",NA,"edu_school_cycle_d","enseignement fondamental",NA,NA,NA,1357,NA,NA,NA,"prop_select_one @/@ edu_attending_level0_level1_and_level1_minus_one_age_d %/% NA @/@ edu_school_cycle_d %/% enseignement fondamental"
"16.1","prop_select_one","edu_attending_level1_and_level1_minus_one_age_d",NA,"edu_school_cycle_d","3eme cycle du fondamental",NA,NA,NA,740,NA,NA,NA,"prop_select_one @/@ edu_attending_level1_and_level1_minus_one_age_d %/% NA @/@ edu_school_cycle_d %/% 3eme cycle du fondamental"
"16.2","prop_select_one","edu_attending_level1_and_level1_minus_one_age_d","0","edu_school_cycle_d","ECE",0.387096774193548,0.263380040993607,0.51081350739349,24,62,24,62,"prop_select_one @/@ edu_attending_level1_and_level1_minus_one_age_d %/% 0 @/@ edu_school_cycle_d %/% ECE"
"16.3","prop_select_one","edu_attending_level1_and_level1_minus_one_age_d","1","edu_school_cycle_d","ECE",0.612903225806452,0.48918649260651,0.736619959006393,38,62,38,62,"prop_select_one @/@ edu_attending_level1_and_level1_minus_one_age_d %/% 1 @/@ edu_school_cycle_d %/% ECE"
"16.4","prop_select_one","edu_attending_level1_and_level1_minus_one_age_d",NA,"edu_school_cycle_d","ECE",NA,NA,NA,109,NA,NA,NA,"prop_select_one @/@ edu_attending_level1_and_level1_minus_one_age_d %/% NA @/@ edu_school_cycle_d %/% ECE"
"16.5","prop_select_one","edu_attending_level1_and_level1_minus_one_age_d",NA,"edu_school_cycle_d","Nouveau Secondaire",NA,NA,NA,821,NA,NA,NA,"prop_select_one @/@ edu_attending_level1_and_level1_minus_one_age_d %/% NA @/@ edu_school_cycle_d %/% Nouveau Secondaire"
"16.6","prop_select_one","edu_attending_level1_and_level1_minus_one_age_d",NA,"edu_school_cycle_d","enseignement fondamental",NA,NA,NA,1357,NA,NA,NA,"prop_select_one @/@ edu_attending_level1_and_level1_minus_one_age_d %/% NA @/@ edu_school_cycle_d %/% enseignement fondamental"
"17.1","prop_select_one","edu_attending_level123_and_level1_age_d",NA,"edu_school_cycle_d","3eme cycle du fondamental",NA,NA,NA,740,NA,NA,NA,"prop_select_one @/@ edu_attending_level123_and_level1_age_d %/% NA @/@ edu_school_cycle_d %/% 3eme cycle du fondamental"
"17.2","prop_select_one","edu_attending_level123_and_level1_age_d",NA,"edu_school_cycle_d","ECE",NA,NA,NA,171,NA,NA,NA,"prop_select_one @/@ edu_attending_level123_and_level1_age_d %/% NA @/@ edu_school_cycle_d %/% ECE"
"17.3","prop_select_one","edu_attending_level123_and_level1_age_d",NA,"edu_school_cycle_d","Nouveau Secondaire",NA,NA,NA,821,NA,NA,NA,"prop_select_one @/@ edu_attending_level123_and_level1_age_d %/% NA @/@ edu_school_cycle_d %/% Nouveau Secondaire"
"17.4","prop_select_one","edu_attending_level123_and_level1_age_d","0","edu_school_cycle_d","enseignement fondamental",0.122328666175387,0.104876619303215,0.139780713047559,166,1357,166,1357,"prop_select_one @/@ edu_attending_level123_and_level1_age_d %/% 0 @/@ edu_school_cycle_d %/% enseignement fondamental"
"17.5","prop_select_one","edu_attending_level123_and_level1_age_d","1","edu_school_cycle_d","enseignement fondamental",0.877671333824613,0.860219286952441,0.895123380696785,1191,1357,1191,1357,"prop_select_one @/@ edu_attending_level123_and_level1_age_d %/% 1 @/@ edu_school_cycle_d %/% enseignement fondamental"
"18.1","prop_select_one","edu_attending_level23_and_level2_age_d","0","edu_school_cycle_d","3eme cycle du fondamental",0.128378378378378,0.104233537479033,0.152523219277724,95,740,95,740,"prop_select_one @/@ edu_attending_level23_and_level2_age_d %/% 0 @/@ edu_school_cycle_d %/% 3eme cycle du fondamental"
"18.2","prop_select_one","edu_attending_level23_and_level2_age_d","1","edu_school_cycle_d","3eme cycle du fondamental",0.871621621621622,0.847476780722276,0.895766462520967,645,740,645,740,"prop_select_one @/@ edu_attending_level23_and_level2_age_d %/% 1 @/@ edu_school_cycle_d %/% 3eme cycle du fondamental"
"18.3","prop_select_one","edu_attending_level23_and_level2_age_d",NA,"edu_school_cycle_d","ECE",NA,NA,NA,171,NA,NA,NA,"prop_select_one @/@ edu_attending_level23_and_level2_age_d %/% NA @/@ edu_school_cycle_d %/% ECE"
"18.4","prop_select_one","edu_attending_level23_and_level2_age_d",NA,"edu_school_cycle_d","Nouveau Secondaire",NA,NA,NA,821,NA,NA,NA,"prop_select_one @/@ edu_attending_level23_and_level2_age_d %/% NA @/@ edu_school_cycle_d %/% Nouveau Secondaire"
"18.5","prop_select_one","edu_attending_level23_and_level2_age_d",NA,"edu_school_cycle_d","enseignement fondamental",NA,NA,NA,1357,NA,NA,NA,"prop_select_one @/@ edu_attending_level23_and_level2_age_d %/% NA @/@ edu_school_cycle_d %/% enseignement fondamental"
"19.1","prop_select_one","edu_attending_level3_and_level3_age_d",NA,"edu_school_cycle_d","3eme cycle du fondamental",NA,NA,NA,740,NA,NA,NA,"prop_select_one @/@ edu_attending_level3_and_level3_age_d %/% NA @/@ edu_school_cycle_d %/% 3eme cycle du fondamental"
"19.2","prop_select_one","edu_attending_level3_and_level3_age_d",NA,"edu_school_cycle_d","ECE",NA,NA,NA,171,NA,NA,NA,"prop_select_one @/@ edu_attending_level3_and_level3_age_d %/% NA @/@ edu_school_cycle_d %/% ECE"
"19.3","prop_select_one","edu_attending_level3_and_level3_age_d","0","edu_school_cycle_d","Nouveau Secondaire",0.394640682095006,0.361152169192483,0.428129194997529,324,821,324,821,"prop_select_one @/@ edu_attending_level3_and_level3_age_d %/% 0 @/@ edu_school_cycle_d %/% Nouveau Secondaire"
"19.4","prop_select_one","edu_attending_level3_and_level3_age_d","1","edu_school_cycle_d","Nouveau Secondaire",0.605359317904994,0.571870805002471,0.638847830807517,497,821,497,821,"prop_select_one @/@ edu_attending_level3_and_level3_age_d %/% 1 @/@ edu_school_cycle_d %/% Nouveau Secondaire"
"19.5","prop_select_one","edu_attending_level3_and_level3_age_d",NA,"edu_school_cycle_d","enseignement fondamental",NA,NA,NA,1357,NA,NA,NA,"prop_select_one @/@ edu_attending_level3_and_level3_age_d %/% NA @/@ edu_school_cycle_d %/% enseignement fondamental"
"20.1","prop_select_one","edu_level1_overage_learners_d","0","edu_school_cycle_d","3eme cycle du fondamental",0.809597523219814,0.779302191603434,0.839892854836195,523,646,523,646,"prop_select_one @/@ edu_level1_overage_learners_d %/% 0 @/@ edu_school_cycle_d %/% 3eme cycle du fondamental"
"20.2","prop_select_one","edu_level1_overage_learners_d","1","edu_school_cycle_d","3eme cycle du fondamental",0.190402476780186,0.160107145163805,0.220697808396566,123,646,123,646,"prop_select_one @/@ edu_level1_overage_learners_d %/% 1 @/@ edu_school_cycle_d %/% 3eme cycle du fondamental"
"20.3","prop_select_one","edu_level1_overage_learners_d",NA,"edu_school_cycle_d","3eme cycle du fondamental",NA,NA,NA,94,NA,NA,NA,"prop_select_one @/@ edu_level1_overage_learners_d %/% NA @/@ edu_school_cycle_d %/% 3eme cycle du fondamental"
"20.4","prop_select_one","edu_level1_overage_learners_d","0","edu_school_cycle_d","ECE",1,1,1,147,147,147,147,"prop_select_one @/@ edu_level1_overage_learners_d %/% 0 @/@ edu_school_cycle_d %/% ECE"
"20.5","prop_select_one","edu_level1_overage_learners_d",NA,"edu_school_cycle_d","ECE",NA,NA,NA,24,NA,NA,NA,"prop_select_one @/@ edu_level1_overage_learners_d %/% NA @/@ edu_school_cycle_d %/% ECE"
"20.6","prop_select_one","edu_level1_overage_learners_d","0","edu_school_cycle_d","Nouveau Secondaire",0.81342062193126,0.782511270512765,0.844329973349756,497,611,497,611,"prop_select_one @/@ edu_level1_overage_learners_d %/% 0 @/@ edu_school_cycle_d %/% Nouveau Secondaire"
"20.7","prop_select_one","edu_level1_overage_learners_d","1","edu_school_cycle_d","Nouveau Secondaire",0.18657937806874,0.155670026650245,0.217488729487235,114,611,114,611,"prop_select_one @/@ edu_level1_overage_learners_d %/% 1 @/@ edu_school_cycle_d %/% Nouveau Secondaire"
"20.8","prop_select_one","edu_level1_overage_learners_d",NA,"edu_school_cycle_d","Nouveau Secondaire",NA,NA,NA,210,NA,NA,NA,"prop_select_one @/@ edu_level1_overage_learners_d %/% NA @/@ edu_school_cycle_d %/% Nouveau Secondaire"
"20.9","prop_select_one","edu_level1_overage_learners_d","0","edu_school_cycle_d","enseignement fondamental",0.984886649874055,0.977953370442074,0.991819929306037,1173,1191,1173,1191,"prop_select_one @/@ edu_level1_overage_learners_d %/% 0 @/@ edu_school_cycle_d %/% enseignement fondamental"
"20.10","prop_select_one","edu_level1_overage_learners_d","1","edu_school_cycle_d","enseignement fondamental",0.0151133501259446,0.00818007069396338,0.0220466295579258,18,1191,18,1191,"prop_select_one @/@ edu_level1_overage_learners_d %/% 1 @/@ edu_school_cycle_d %/% enseignement fondamental"
"20.11","prop_select_one","edu_level1_overage_learners_d",NA,"edu_school_cycle_d","enseignement fondamental",NA,NA,NA,166,NA,NA,NA,"prop_select_one @/@ edu_level1_overage_learners_d %/% NA @/@ edu_school_cycle_d %/% enseignement fondamental"
"21.1","prop_select_one","edu_level2_overage_learners_d","0","edu_school_cycle_d","3eme cycle du fondamental",1,1,1,646,646,646,646,"prop_select_one @/@ edu_level2_overage_learners_d %/% 0 @/@ edu_school_cycle_d %/% 3eme cycle du fondamental"
"21.2","prop_select_one","edu_level2_overage_learners_d",NA,"edu_school_cycle_d","3eme cycle du fondamental",NA,NA,NA,94,NA,NA,NA,"prop_select_one @/@ edu_level2_overage_learners_d %/% NA @/@ edu_school_cycle_d %/% 3eme cycle du fondamental"
"21.3","prop_select_one","edu_level2_overage_learners_d","0","edu_school_cycle_d","ECE",1,1,1,147,147,147,147,"prop_select_one @/@ edu_level2_overage_learners_d %/% 0 @/@ edu_school_cycle_d %/% ECE"
"21.4","prop_select_one","edu_level2_overage_learners_d",NA,"edu_school_cycle_d","ECE",NA,NA,NA,24,NA,NA,NA,"prop_select_one @/@ edu_level2_overage_learners_d %/% NA @/@ edu_school_cycle_d %/% ECE"
"21.5","prop_select_one","edu_level2_overage_learners_d","0","edu_school_cycle_d","Nouveau Secondaire",0.905073649754501,0.881817606066808,0.928329693442193,553,611,553,611,"prop_select_one @/@ edu_level2_overage_learners_d %/% 0 @/@ edu_school_cycle_d %/% Nouveau Secondaire"
"21.6","prop_select_one","edu_level2_overage_learners_d","1","edu_school_cycle_d","Nouveau Secondaire",0.0949263502454992,0.0716703065578066,0.118182393933192,58,611,58,611,"prop_select_one @/@ edu_level2_overage_learners_d %/% 1 @/@ edu_school_cycle_d %/% Nouveau Secondaire"
"21.7","prop_select_one","edu_level2_overage_learners_d",NA,"edu_school_cycle_d","Nouveau Secondaire",NA,NA,NA,210,NA,NA,NA,"prop_select_one @/@ edu_level2_overage_learners_d %/% NA @/@ edu_school_cycle_d %/% Nouveau Secondaire"
"21.8","prop_select_one","edu_level2_overage_learners_d","0","edu_school_cycle_d","enseignement fondamental",1,1,1,1191,1191,1191,1191,"prop_select_one @/@ edu_level2_overage_learners_d %/% 0 @/@ edu_school_cycle_d %/% enseignement fondamental"
"21.9","prop_select_one","edu_level2_overage_learners_d",NA,"edu_school_cycle_d","enseignement fondamental",NA,NA,NA,166,NA,NA,NA,"prop_select_one @/@ edu_level2_overage_learners_d %/% NA @/@ edu_school_cycle_d %/% enseignement fondamental"
"22.1","prop_select_one","edu_disrupted_teacher_d","0","edu_school_cycle_d","3eme cycle du fondamental",0.729133858267716,0.694546484219092,0.763721232316341,463,635,463,635,"prop_select_one @/@ edu_disrupted_teacher_d %/% 0 @/@ edu_school_cycle_d %/% 3eme cycle du fondamental"
"22.2","prop_select_one","edu_disrupted_teacher_d","1","edu_school_cycle_d","3eme cycle du fondamental",0.270866141732283,0.236278767683659,0.305453515780908,172,635,172,635,"prop_select_one @/@ edu_disrupted_teacher_d %/% 1 @/@ edu_school_cycle_d %/% 3eme cycle du fondamental"
"22.3","prop_select_one","edu_disrupted_teacher_d",NA,"edu_school_cycle_d","3eme cycle du fondamental",NA,NA,NA,105,NA,NA,NA,"prop_select_one @/@ edu_disrupted_teacher_d %/% NA @/@ edu_school_cycle_d %/% 3eme cycle du fondamental"
"22.4","prop_select_one","edu_disrupted_teacher_d","0","edu_school_cycle_d","ECE",0.881944444444444,0.829208583241551,0.934680305647338,127,144,127,144,"prop_select_one @/@ edu_disrupted_teacher_d %/% 0 @/@ edu_school_cycle_d %/% ECE"
"22.5","prop_select_one","edu_disrupted_teacher_d","1","edu_school_cycle_d","ECE",0.118055555555556,0.0653196943526617,0.170791416758449,17,144,17,144,"prop_select_one @/@ edu_disrupted_teacher_d %/% 1 @/@ edu_school_cycle_d %/% ECE"
"22.6","prop_select_one","edu_disrupted_teacher_d",NA,"edu_school_cycle_d","ECE",NA,NA,NA,27,NA,NA,NA,"prop_select_one @/@ edu_disrupted_teacher_d %/% NA @/@ edu_school_cycle_d %/% ECE"
"22.7","prop_select_one","edu_disrupted_teacher_d","0","edu_school_cycle_d","Nouveau Secondaire",0.727272727272727,0.691762070229662,0.762783384315792,440,605,440,605,"prop_select_one @/@ edu_disrupted_teacher_d %/% 0 @/@ edu_school_cycle_d %/% Nouveau Secondaire"
"22.8","prop_select_one","edu_disrupted_teacher_d","1","edu_school_cycle_d","Nouveau Secondaire",0.272727272727273,0.237216615684208,0.308237929770338,165,605,165,605,"prop_select_one @/@ edu_disrupted_teacher_d %/% 1 @/@ edu_school_cycle_d %/% Nouveau Secondaire"
"22.9","prop_select_one","edu_disrupted_teacher_d",NA,"edu_school_cycle_d","Nouveau Secondaire",NA,NA,NA,216,NA,NA,NA,"prop_select_one @/@ edu_disrupted_teacher_d %/% NA @/@ edu_school_cycle_d %/% Nouveau Secondaire"
"22.10","prop_select_one","edu_disrupted_teacher_d","0","edu_school_cycle_d","enseignement fondamental",0.808636748518205,0.786187359871445,0.831086137164965,955,1181,955,1181,"prop_select_one @/@ edu_disrupted_teacher_d %/% 0 @/@ edu_school_cycle_d %/% enseignement fondamental"
"22.11","prop_select_one","edu_disrupted_teacher_d","1","edu_school_cycle_d","enseignement fondamental",0.191363251481795,0.168913862835035,0.213812640128555,226,1181,226,1181,"prop_select_one @/@ edu_disrupted_teacher_d %/% 1 @/@ edu_school_cycle_d %/% enseignement fondamental"
"22.12","prop_select_one","edu_disrupted_teacher_d",NA,"edu_school_cycle_d","enseignement fondamental",NA,NA,NA,176,NA,NA,NA,"prop_select_one @/@ edu_disrupted_teacher_d %/% NA @/@ edu_school_cycle_d %/% enseignement fondamental"
"23.1","prop_select_one","edu_disrupted_occupation_d","0","edu_school_cycle_d","3eme cycle du fondamental",0.988709677419355,0.980387839328003,0.997031515510707,613,620,613,620,"prop_select_one @/@ edu_disrupted_occupation_d %/% 0 @/@ edu_school_cycle_d %/% 3eme cycle du fondamental"
"23.2","prop_select_one","edu_disrupted_occupation_d","1","edu_school_cycle_d","3eme cycle du fondamental",0.0112903225806452,0.00296848448929289,0.0196121606719974,7,620,7,620,"prop_select_one @/@ edu_disrupted_occupation_d %/% 1 @/@ edu_school_cycle_d %/% 3eme cycle du fondamental"
"23.3","prop_select_one","edu_disrupted_occupation_d",NA,"edu_school_cycle_d","3eme cycle du fondamental",NA,NA,NA,120,NA,NA,NA,"prop_select_one @/@ edu_disrupted_occupation_d %/% NA @/@ edu_school_cycle_d %/% 3eme cycle du fondamental"
"23.4","prop_select_one","edu_disrupted_occupation_d","0","edu_school_cycle_d","ECE",0.993055555555555,0.979483306530399,1.00662780458071,143,144,143,144,"prop_select_one @/@ edu_disrupted_occupation_d %/% 0 @/@ edu_school_cycle_d %/% ECE"
"23.5","prop_select_one","edu_disrupted_occupation_d","1","edu_school_cycle_d","ECE",0.00694444444444444,-0.00662780458071257,0.0205166934696015,1,144,1,144,"prop_select_one @/@ edu_disrupted_occupation_d %/% 1 @/@ edu_school_cycle_d %/% ECE"
"23.6","prop_select_one","edu_disrupted_occupation_d",NA,"edu_school_cycle_d","ECE",NA,NA,NA,27,NA,NA,NA,"prop_select_one @/@ edu_disrupted_occupation_d %/% NA @/@ edu_school_cycle_d %/% ECE"
"23.7","prop_select_one","edu_disrupted_occupation_d","0","edu_school_cycle_d","Nouveau Secondaire",0.98471986417657,0.974807212440438,0.994632515912703,580,589,580,589,"prop_select_one @/@ edu_disrupted_occupation_d %/% 0 @/@ edu_school_cycle_d %/% Nouveau Secondaire"
"23.8","prop_select_one","edu_disrupted_occupation_d","1","edu_school_cycle_d","Nouveau Secondaire",0.0152801358234295,0.00536748408729665,0.0251927875595624,9,589,9,589,"prop_select_one @/@ edu_disrupted_occupation_d %/% 1 @/@ edu_school_cycle_d %/% Nouveau Secondaire"
"23.9","prop_select_one","edu_disrupted_occupation_d",NA,"edu_school_cycle_d","Nouveau Secondaire",NA,NA,NA,232,NA,NA,NA,"prop_select_one @/@ edu_disrupted_occupation_d %/% NA @/@ edu_school_cycle_d %/% Nouveau Secondaire"
"23.10","prop_select_one","edu_disrupted_occupation_d","0","edu_school_cycle_d","enseignement fondamental",0.992254733218589,0.987210975052317,0.99729849138486,1153,1162,1153,1162,"prop_select_one @/@ edu_disrupted_occupation_d %/% 0 @/@ edu_school_cycle_d %/% enseignement fondamental"
"23.11","prop_select_one","edu_disrupted_occupation_d","1","edu_school_cycle_d","enseignement fondamental",0.00774526678141136,0.00270150861513993,0.0127890249476828,9,1162,9,1162,"prop_select_one @/@ edu_disrupted_occupation_d %/% 1 @/@ edu_school_cycle_d %/% enseignement fondamental"
"23.12","prop_select_one","edu_disrupted_occupation_d",NA,"edu_school_cycle_d","enseignement fondamental",NA,NA,NA,195,NA,NA,NA,"prop_select_one @/@ edu_disrupted_occupation_d %/% NA @/@ edu_school_cycle_d %/% enseignement fondamental"
"24.1","prop_select_one","edu_disrupted_hazards_d","0","edu_school_cycle_d","3eme cycle du fondamental",0.859567901234568,0.832800463916272,0.886335338552864,557,648,557,648,"prop_select_one @/@ edu_disrupted_hazards_d %/% 0 @/@ edu_school_cycle_d %/% 3eme cycle du fondamental"
"24.2","prop_select_one","edu_disrupted_hazards_d","1","edu_school_cycle_d","3eme cycle du fondamental",0.140432098765432,0.113664661447136,0.167199536083728,91,648,91,648,"prop_select_one @/@ edu_disrupted_hazards_d %/% 1 @/@ edu_school_cycle_d %/% 3eme cycle du fondamental"
"24.3","prop_select_one","edu_disrupted_hazards_d",NA,"edu_school_cycle_d","3eme cycle du fondamental",NA,NA,NA,92,NA,NA,NA,"prop_select_one @/@ edu_disrupted_hazards_d %/% NA @/@ edu_school_cycle_d %/% 3eme cycle du fondamental"
"24.4","prop_select_one","edu_disrupted_hazards_d","0","edu_school_cycle_d","ECE",0.870748299319728,0.816482426507854,0.925014172131602,128,147,128,147,"prop_select_one @/@ edu_disrupted_hazards_d %/% 0 @/@ edu_school_cycle_d %/% ECE"
"24.5","prop_select_one","edu_disrupted_hazards_d","1","edu_school_cycle_d","ECE",0.129251700680272,0.0749858278683983,0.183517573492146,19,147,19,147,"prop_select_one @/@ edu_disrupted_hazards_d %/% 1 @/@ edu_school_cycle_d %/% ECE"
"24.6","prop_select_one","edu_disrupted_hazards_d",NA,"edu_school_cycle_d","ECE",NA,NA,NA,24,NA,NA,NA,"prop_select_one @/@ edu_disrupted_hazards_d %/% NA @/@ edu_school_cycle_d %/% ECE"
"24.7","prop_select_one","edu_disrupted_hazards_d","0","edu_school_cycle_d","Nouveau Secondaire",0.831423895253683,0.801720255949646,0.861127534557719,508,611,508,611,"prop_select_one @/@ edu_disrupted_hazards_d %/% 0 @/@ edu_school_cycle_d %/% Nouveau Secondaire"
"24.8","prop_select_one","edu_disrupted_hazards_d","1","edu_school_cycle_d","Nouveau Secondaire",0.168576104746318,0.138872465442281,0.198279744050354,103,611,103,611,"prop_select_one @/@ edu_disrupted_hazards_d %/% 1 @/@ edu_school_cycle_d %/% Nouveau Secondaire"
"24.9","prop_select_one","edu_disrupted_hazards_d",NA,"edu_school_cycle_d","Nouveau Secondaire",NA,NA,NA,210,NA,NA,NA,"prop_select_one @/@ edu_disrupted_hazards_d %/% NA @/@ edu_school_cycle_d %/% Nouveau Secondaire"
"24.10","prop_select_one","edu_disrupted_hazards_d","0","edu_school_cycle_d","enseignement fondamental",0.863025210084034,0.843478233562254,0.882572186605813,1027,1190,1027,1190,"prop_select_one @/@ edu_disrupted_hazards_d %/% 0 @/@ edu_school_cycle_d %/% enseignement fondamental"
"24.11","prop_select_one","edu_disrupted_hazards_d","1","edu_school_cycle_d","enseignement fondamental",0.136974789915966,0.117427813394187,0.156521766437746,163,1190,163,1190,"prop_select_one @/@ edu_disrupted_hazards_d %/% 1 @/@ edu_school_cycle_d %/% enseignement fondamental"
"24.12","prop_select_one","edu_disrupted_hazards_d",NA,"edu_school_cycle_d","enseignement fondamental",NA,NA,NA,167,NA,NA,NA,"prop_select_one @/@ edu_disrupted_hazards_d %/% NA @/@ edu_school_cycle_d %/% enseignement fondamental"
"25.1","prop_select_one","edu_disrupted_displaced_d","0","edu_school_cycle_d","3eme cycle du fondamental",0.97092084006462,0.957675422988587,0.984166257140654,601,619,601,619,"prop_select_one @/@ edu_disrupted_displaced_d %/% 0 @/@ edu_school_cycle_d %/% 3eme cycle du fondamental"
"25.2","prop_select_one","edu_disrupted_displaced_d","1","edu_school_cycle_d","3eme cycle du fondamental",0.0290791599353796,0.0158337428593464,0.0423245770114129,18,619,18,619,"prop_select_one @/@ edu_disrupted_displaced_d %/% 1 @/@ edu_school_cycle_d %/% 3eme cycle du fondamental"
"25.3","prop_select_one","edu_disrupted_displaced_d",NA,"edu_school_cycle_d","3eme cycle du fondamental",NA,NA,NA,121,NA,NA,NA,"prop_select_one @/@ edu_disrupted_displaced_d %/% NA @/@ edu_school_cycle_d %/% 3eme cycle du fondamental"
"25.4","prop_select_one","edu_disrupted_displaced_d","0","edu_school_cycle_d","ECE",0.950354609929078,0.914478869489607,0.986230350368549,134,141,134,141,"prop_select_one @/@ edu_disrupted_displaced_d %/% 0 @/@ edu_school_cycle_d %/% ECE"
"25.5","prop_select_one","edu_disrupted_displaced_d","1","edu_school_cycle_d","ECE",0.049645390070922,0.013769649631451,0.085521130510393,7,141,7,141,"prop_select_one @/@ edu_disrupted_displaced_d %/% 1 @/@ edu_school_cycle_d %/% ECE"
"25.6","prop_select_one","edu_disrupted_displaced_d",NA,"edu_school_cycle_d","ECE",NA,NA,NA,30,NA,NA,NA,"prop_select_one @/@ edu_disrupted_displaced_d %/% NA @/@ edu_school_cycle_d %/% ECE"
"25.7","prop_select_one","edu_disrupted_displaced_d","0","edu_school_cycle_d","Nouveau Secondaire",0.959527824620573,0.943656695055964,0.975398954185182,569,593,569,593,"prop_select_one @/@ edu_disrupted_displaced_d %/% 0 @/@ edu_school_cycle_d %/% Nouveau Secondaire"
"25.8","prop_select_one","edu_disrupted_displaced_d","1","edu_school_cycle_d","Nouveau Secondaire",0.0404721753794266,0.0246010458148175,0.0563433049440358,24,593,24,593,"prop_select_one @/@ edu_disrupted_displaced_d %/% 1 @/@ edu_school_cycle_d %/% Nouveau Secondaire"
"25.9","prop_select_one","edu_disrupted_displaced_d",NA,"edu_school_cycle_d","Nouveau Secondaire",NA,NA,NA,228,NA,NA,NA,"prop_select_one @/@ edu_disrupted_displaced_d %/% NA @/@ edu_school_cycle_d %/% Nouveau Secondaire"
"25.10","prop_select_one","edu_disrupted_displaced_d","0","edu_school_cycle_d","enseignement fondamental",0.972294372294372,0.962822845024864,0.981765899563881,1123,1155,1123,1155,"prop_select_one @/@ edu_disrupted_displaced_d %/% 0 @/@ edu_school_cycle_d %/% enseignement fondamental"
"25.11","prop_select_one","edu_disrupted_displaced_d","1","edu_school_cycle_d","enseignement fondamental",0.0277056277056277,0.0182341004361194,0.037177154975136,32,1155,32,1155,"prop_select_one @/@ edu_disrupted_displaced_d %/% 1 @/@ edu_school_cycle_d %/% enseignement fondamental"
"25.12","prop_select_one","edu_disrupted_displaced_d",NA,"edu_school_cycle_d","enseignement fondamental",NA,NA,NA,202,NA,NA,NA,"prop_select_one @/@ edu_disrupted_displaced_d %/% NA @/@ edu_school_cycle_d %/% enseignement fondamental"
"26.1","prop_select_one","edu_barrier_d","costs","edu_school_cycle_d","3eme cycle du fondamental",0.80952380952381,0.725280271197264,0.893767347850355,68,84,68,84,"prop_select_one @/@ edu_barrier_d %/% costs @/@ edu_school_cycle_d %/% 3eme cycle du fondamental"
"26.2","prop_select_one","edu_barrier_d","enroll_lack_documentation","edu_school_cycle_d","3eme cycle du fondamental",0.0119047619047619,-0.0113633529001165,0.0351728767096403,1,84,1,84,"prop_select_one @/@ edu_barrier_d %/% enroll_lack_documentation @/@ edu_school_cycle_d %/% 3eme cycle du fondamental"
"26.3","prop_select_one","edu_barrier_d","handicap_child","edu_school_cycle_d","3eme cycle du fondamental",0.0476190476190476,0.00193157427544501,0.0933065209626502,4,84,4,84,"prop_select_one @/@ edu_barrier_d %/% handicap_child @/@ edu_school_cycle_d %/% 3eme cycle du fondamental"
"26.4","prop_select_one","edu_barrier_d","lack_classrooms","edu_school_cycle_d","3eme cycle du fondamental",0.0119047619047619,-0.0113633529001165,0.0351728767096403,1,84,1,84,"prop_select_one @/@ edu_barrier_d %/% lack_classrooms @/@ edu_school_cycle_d %/% 3eme cycle du fondamental"
"26.5","prop_select_one","edu_barrier_d","lack_interest","edu_school_cycle_d","3eme cycle du fondamental",0.0238095238095238,-0.0088977295988217,0.0565167772178693,2,84,2,84,"prop_select_one @/@ edu_barrier_d %/% lack_interest @/@ edu_school_cycle_d %/% 3eme cycle du fondamental"
"26.6","prop_select_one","edu_barrier_d","other","edu_school_cycle_d","3eme cycle du fondamental",0.0476190476190476,0.00193157427544503,0.0933065209626502,4,84,4,84,"prop_select_one @/@ edu_barrier_d %/% other @/@ edu_school_cycle_d %/% 3eme cycle du fondamental"
"26.7","prop_select_one","edu_barrier_d","pnta","edu_school_cycle_d","3eme cycle du fondamental",0.0238095238095238,-0.0088977295988217,0.0565167772178693,2,84,2,84,"prop_select_one @/@ edu_barrier_d %/% pnta @/@ edu_school_cycle_d %/% 3eme cycle du fondamental"
"26.8","prop_select_one","edu_barrier_d","school_closed","edu_school_cycle_d","3eme cycle du fondamental",0.0238095238095238,-0.00889772959882171,0.0565167772178693,2,84,2,84,"prop_select_one @/@ edu_barrier_d %/% school_closed @/@ edu_school_cycle_d %/% 3eme cycle du fondamental"
"26.9","prop_select_one","edu_barrier_d",NA,"edu_school_cycle_d","3eme cycle du fondamental",NA,NA,NA,656,NA,NA,NA,"prop_select_one @/@ edu_barrier_d %/% NA @/@ edu_school_cycle_d %/% 3eme cycle du fondamental"
"26.10","prop_select_one","edu_barrier_d","costs","edu_school_cycle_d","ECE",0.958333333333333,0.878130790792829,1.03853587587384,23,24,23,24,"prop_select_one @/@ edu_barrier_d %/% costs @/@ edu_school_cycle_d %/% ECE"
"26.11","prop_select_one","edu_barrier_d","other","edu_school_cycle_d","ECE",0.0416666666666667,-0.0385358758738377,0.121869209207171,1,24,1,24,"prop_select_one @/@ edu_barrier_d %/% other @/@ edu_school_cycle_d %/% ECE"
"26.12","prop_select_one","edu_barrier_d",NA,"edu_school_cycle_d","ECE",NA,NA,NA,147,NA,NA,NA,"prop_select_one @/@ edu_barrier_d %/% NA @/@ edu_school_cycle_d %/% ECE"
"26.13","prop_select_one","edu_barrier_d","child_marriage","edu_school_cycle_d","Nouveau Secondaire",0.0687022900763359,0.0252477350197567,0.112156845132915,9,131,9,131,"prop_select_one @/@ edu_barrier_d %/% child_marriage @/@ edu_school_cycle_d %/% Nouveau Secondaire"
"26.14","prop_select_one","edu_barrier_d","child_work_home","edu_school_cycle_d","Nouveau Secondaire",0.0152671755725191,-0.00579697692912703,0.0363313280741652,2,131,2,131,"prop_select_one @/@ edu_barrier_d %/% child_work_home @/@ edu_school_cycle_d %/% Nouveau Secondaire"
"26.15","prop_select_one","edu_barrier_d","child_work_outside","edu_school_cycle_d","Nouveau Secondaire",0.00763358778625954,-0.00731863686474487,0.0225858124372639,1,131,1,131,"prop_select_one @/@ edu_barrier_d %/% child_work_outside @/@ edu_school_cycle_d %/% Nouveau Secondaire"
"26.16","prop_select_one","edu_barrier_d","costs","edu_school_cycle_d","Nouveau Secondaire",0.740458015267176,0.665146833412639,0.815769197121712,97,131,97,131,"prop_select_one @/@ edu_barrier_d %/% costs @/@ edu_school_cycle_d %/% Nouveau Secondaire"
"26.17","prop_select_one","edu_barrier_d","handicap_child","edu_school_cycle_d","Nouveau Secondaire",0.0152671755725191,-0.00579697692912701,0.0363313280741652,2,131,2,131,"prop_select_one @/@ edu_barrier_d %/% handicap_child @/@ edu_school_cycle_d %/% Nouveau Secondaire"
"26.18","prop_select_one","edu_barrier_d","lack_accessible_school","edu_school_cycle_d","Nouveau Secondaire",0.00763358778625954,-0.00731863686474486,0.0225858124372639,1,131,1,131,"prop_select_one @/@ edu_barrier_d %/% lack_accessible_school @/@ edu_school_cycle_d %/% Nouveau Secondaire"
"26.19","prop_select_one","edu_barrier_d","lack_interest","edu_school_cycle_d","Nouveau Secondaire",0.0916030534351145,0.0420468255849287,0.1411592812853,12,131,12,131,"prop_select_one @/@ edu_barrier_d %/% lack_interest @/@ edu_school_cycle_d %/% Nouveau Secondaire"
"26.20","prop_select_one","edu_barrier_d","other","edu_school_cycle_d","Nouveau Secondaire",0.0534351145038168,0.0147989505848783,0.0920712784227553,7,131,7,131,"prop_select_one @/@ edu_barrier_d %/% other @/@ edu_school_cycle_d %/% Nouveau Secondaire"
"26.21","prop_select_one","edu_barrier_d",NA,"edu_school_cycle_d","Nouveau Secondaire",NA,NA,NA,690,NA,NA,NA,"prop_select_one @/@ edu_barrier_d %/% NA @/@ edu_school_cycle_d %/% Nouveau Secondaire"
"26.22","prop_select_one","edu_barrier_d","costs","edu_school_cycle_d","enseignement fondamental",0.85,0.794494479203356,0.905505520796645,136,160,136,160,"prop_select_one @/@ edu_barrier_d %/% costs @/@ edu_school_cycle_d %/% enseignement fondamental"
"26.23","prop_select_one","edu_barrier_d","dnk","edu_school_cycle_d","enseignement fondamental",0.0125,-0.00477048954601067,0.0297704895460107,2,160,2,160,"prop_select_one @/@ edu_barrier_d %/% dnk @/@ edu_school_cycle_d %/% enseignement fondamental"
"26.24","prop_select_one","edu_barrier_d","enroll_lack_documentation","edu_school_cycle_d","enseignement fondamental",0.01875,-0.00233490071911385,0.0398349007191139,3,160,3,160,"prop_select_one @/@ edu_barrier_d %/% enroll_lack_documentation @/@ edu_school_cycle_d %/% enseignement fondamental"
"26.25","prop_select_one","edu_barrier_d","handicap_child","edu_school_cycle_d","enseignement fondamental",0.0125,-0.00477048954601067,0.0297704895460107,2,160,2,160,"prop_select_one @/@ edu_barrier_d %/% handicap_child @/@ edu_school_cycle_d %/% enseignement fondamental"
"26.26","prop_select_one","edu_barrier_d","lack_accessible_school","edu_school_cycle_d","enseignement fondamental",0.00625,-0.00600066514033288,0.0185006651403329,1,160,1,160,"prop_select_one @/@ edu_barrier_d %/% lack_accessible_school @/@ edu_school_cycle_d %/% enseignement fondamental"
"26.27","prop_select_one","edu_barrier_d","lack_classrooms","edu_school_cycle_d","enseignement fondamental",0.00625,-0.00600066514033288,0.0185006651403329,1,160,1,160,"prop_select_one @/@ edu_barrier_d %/% lack_classrooms @/@ edu_school_cycle_d %/% enseignement fondamental"
"26.28","prop_select_one","edu_barrier_d","lack_interest","edu_school_cycle_d","enseignement fondamental",0.01875,-0.0023349007191138,0.0398349007191138,3,160,3,160,"prop_select_one @/@ edu_barrier_d %/% lack_interest @/@ edu_school_cycle_d %/% enseignement fondamental"
"26.29","prop_select_one","edu_barrier_d","other","edu_school_cycle_d","enseignement fondamental",0.0375,0.00796771217380314,0.0670322878261969,6,160,6,160,"prop_select_one @/@ edu_barrier_d %/% other @/@ edu_school_cycle_d %/% enseignement fondamental"
"26.30","prop_select_one","edu_barrier_d","pnta","edu_school_cycle_d","enseignement fondamental",0.01875,-0.00233490071911381,0.0398349007191138,3,160,3,160,"prop_select_one @/@ edu_barrier_d %/% pnta @/@ edu_school_cycle_d %/% enseignement fondamental"
"26.31","prop_select_one","edu_barrier_d","protection_at_school","edu_school_cycle_d","enseignement fondamental",0.00625,-0.00600066514033288,0.0185006651403329,1,160,1,160,"prop_select_one @/@ edu_barrier_d %/% protection_at_school @/@ edu_school_cycle_d %/% enseignement fondamental"
"26.32","prop_select_one","edu_barrier_d","protection_travel_school","edu_school_cycle_d","enseignement fondamental",0.0125,-0.00477048954601066,0.0297704895460107,2,160,2,160,"prop_select_one @/@ edu_barrier_d %/% protection_travel_school @/@ edu_school_cycle_d %/% enseignement fondamental"
"26.33","prop_select_one","edu_barrier_d",NA,"edu_school_cycle_d","enseignement fondamental",NA,NA,NA,1197,NA,NA,NA,"prop_select_one @/@ edu_barrier_d %/% NA @/@ edu_school_cycle_d %/% enseignement fondamental"
"27.1","prop_select_one","edu_ind_access_d","0","ind_gender","femme",0.14765525982256,0.130141989108008,0.165168530537112,233,1578,233,1578,"prop_select_one @/@ edu_ind_access_d %/% 0 @/@ ind_gender %/% femme"
"27.2","prop_select_one","edu_ind_access_d","1","ind_gender","femme",0.85234474017744,0.834831469462888,0.869858010891992,1345,1578,1345,1578,"prop_select_one @/@ edu_ind_access_d %/% 1 @/@ ind_gender %/% femme"
"27.3","prop_select_one","edu_ind_access_d","0","ind_gender","homme",0.164129715420251,0.145443580696008,0.182815850144495,248,1511,248,1511,"prop_select_one @/@ edu_ind_access_d %/% 0 @/@ ind_gender %/% homme"
"27.4","prop_select_one","edu_ind_access_d","1","ind_gender","homme",0.835870284579749,0.817184149855505,0.854556419303992,1263,1511,1263,1511,"prop_select_one @/@ edu_ind_access_d %/% 1 @/@ ind_gender %/% homme"
"28.1","prop_select_one","edu_attending_level0_level1_and_level1_minus_one_age_d","0","ind_gender","femme",0.141176470588235,0.066609792319383,0.215743148857088,12,85,12,85,"prop_select_one @/@ edu_attending_level0_level1_and_level1_minus_one_age_d %/% 0 @/@ ind_gender %/% femme"
"28.2","prop_select_one","edu_attending_level0_level1_and_level1_minus_one_age_d","1","ind_gender","femme",0.858823529411765,0.784256851142912,0.933390207680617,73,85,73,85,"prop_select_one @/@ edu_attending_level0_level1_and_level1_minus_one_age_d %/% 1 @/@ ind_gender %/% femme"
"28.3","prop_select_one","edu_attending_level0_level1_and_level1_minus_one_age_d",NA,"ind_gender","femme",NA,NA,NA,1493,NA,NA,NA,"prop_select_one @/@ edu_attending_level0_level1_and_level1_minus_one_age_d %/% NA @/@ ind_gender %/% femme"
"28.4","prop_select_one","edu_attending_level0_level1_and_level1_minus_one_age_d","0","ind_gender","homme",0.13953488372093,0.0657648573917004,0.21330491005016,12,86,12,86,"prop_select_one @/@ edu_attending_level0_level1_and_level1_minus_one_age_d %/% 0 @/@ ind_gender %/% homme"
"28.5","prop_select_one","edu_attending_level0_level1_and_level1_minus_one_age_d","1","ind_gender","homme",0.86046511627907,0.78669508994984,0.9342351426083,74,86,74,86,"prop_select_one @/@ edu_attending_level0_level1_and_level1_minus_one_age_d %/% 1 @/@ ind_gender %/% homme"
"28.6","prop_select_one","edu_attending_level0_level1_and_level1_minus_one_age_d",NA,"ind_gender","homme",NA,NA,NA,1425,NA,NA,NA,"prop_select_one @/@ edu_attending_level0_level1_and_level1_minus_one_age_d %/% NA @/@ ind_gender %/% homme"
"29.1","prop_select_one","edu_attending_level1_and_level1_minus_one_age_d","0","ind_gender","femme",0.387096774193548,0.212134892209698,0.562058656177399,12,31,12,31,"prop_select_one @/@ edu_attending_level1_and_level1_minus_one_age_d %/% 0 @/@ ind_gender %/% femme"
"29.2","prop_select_one","edu_attending_level1_and_level1_minus_one_age_d","1","ind_gender","femme",0.612903225806452,0.437941343822601,0.787865107790302,19,31,19,31,"prop_select_one @/@ edu_attending_level1_and_level1_minus_one_age_d %/% 1 @/@ ind_gender %/% femme"
"29.3","prop_select_one","edu_attending_level1_and_level1_minus_one_age_d",NA,"ind_gender","femme",NA,NA,NA,1547,NA,NA,NA,"prop_select_one @/@ edu_attending_level1_and_level1_minus_one_age_d %/% NA @/@ ind_gender %/% femme"
"29.4","prop_select_one","edu_attending_level1_and_level1_minus_one_age_d","0","ind_gender","homme",0.387096774193548,0.212134892209698,0.562058656177399,12,31,12,31,"prop_select_one @/@ edu_attending_level1_and_level1_minus_one_age_d %/% 0 @/@ ind_gender %/% homme"
"29.5","prop_select_one","edu_attending_level1_and_level1_minus_one_age_d","1","ind_gender","homme",0.612903225806452,0.437941343822601,0.787865107790302,19,31,19,31,"prop_select_one @/@ edu_attending_level1_and_level1_minus_one_age_d %/% 1 @/@ ind_gender %/% homme"
"29.6","prop_select_one","edu_attending_level1_and_level1_minus_one_age_d",NA,"ind_gender","homme",NA,NA,NA,1480,NA,NA,NA,"prop_select_one @/@ edu_attending_level1_and_level1_minus_one_age_d %/% NA @/@ ind_gender %/% homme"
"30.1","prop_select_one","edu_attending_level123_and_level1_age_d","0","ind_gender","femme",0.110144927536232,0.0867606712005525,0.133529183871911,76,690,76,690,"prop_select_one @/@ edu_attending_level123_and_level1_age_d %/% 0 @/@ ind_gender %/% femme"
"30.2","prop_select_one","edu_attending_level123_and_level1_age_d","1","ind_gender","femme",0.889855072463768,0.866470816128089,0.913239328799448,614,690,614,690,"prop_select_one @/@ edu_attending_level123_and_level1_age_d %/% 1 @/@ ind_gender %/% femme"
"30.3","prop_select_one","edu_attending_level123_and_level1_age_d",NA,"ind_gender","femme",NA,NA,NA,888,NA,NA,NA,"prop_select_one @/@ edu_attending_level123_and_level1_age_d %/% NA @/@ ind_gender %/% femme"
"30.4","prop_select_one","edu_attending_level123_and_level1_age_d","0","ind_gender","homme",0.134932533733133,0.10897719937355,0.160887868092717,90,667,90,667,"prop_select_one @/@ edu_attending_level123_and_level1_age_d %/% 0 @/@ ind_gender %/% homme"
"30.5","prop_select_one","edu_attending_level123_and_level1_age_d","1","ind_gender","homme",0.865067466266867,0.839112131907283,0.89102280062645,577,667,577,667,"prop_select_one @/@ edu_attending_level123_and_level1_age_d %/% 1 @/@ ind_gender %/% homme"
"30.6","prop_select_one","edu_attending_level123_and_level1_age_d",NA,"ind_gender","homme",NA,NA,NA,844,NA,NA,NA,"prop_select_one @/@ edu_attending_level123_and_level1_age_d %/% NA @/@ ind_gender %/% homme"
"31.1","prop_select_one","edu_attending_level23_and_level2_age_d","0","ind_gender","femme",0.119363395225464,0.0865770097192787,0.15214978073165,45,377,45,377,"prop_select_one @/@ edu_attending_level23_and_level2_age_d %/% 0 @/@ ind_gender %/% femme"
"31.2","prop_select_one","edu_attending_level23_and_level2_age_d","1","ind_gender","femme",0.880636604774536,0.84785021926835,0.913422990280721,332,377,332,377,"prop_select_one @/@ edu_attending_level23_and_level2_age_d %/% 1 @/@ ind_gender %/% femme"
"31.3","prop_select_one","edu_attending_level23_and_level2_age_d",NA,"ind_gender","femme",NA,NA,NA,1201,NA,NA,NA,"prop_select_one @/@ edu_attending_level23_and_level2_age_d %/% NA @/@ ind_gender %/% femme"
"31.4","prop_select_one","edu_attending_level23_and_level2_age_d","0","ind_gender","homme",0.137741046831956,0.102224764392092,0.17325732927182,50,363,50,363,"prop_select_one @/@ edu_attending_level23_and_level2_age_d %/% 0 @/@ ind_gender %/% homme"
"31.5","prop_select_one","edu_attending_level23_and_level2_age_d","1","ind_gender","homme",0.862258953168044,0.82674267072818,0.897775235607908,313,363,313,363,"prop_select_one @/@ edu_attending_level23_and_level2_age_d %/% 1 @/@ ind_gender %/% homme"
"31.6","prop_select_one","edu_attending_level23_and_level2_age_d",NA,"ind_gender","homme",NA,NA,NA,1148,NA,NA,NA,"prop_select_one @/@ edu_attending_level23_and_level2_age_d %/% NA @/@ ind_gender %/% homme"
"32.1","prop_select_one","edu_attending_level3_and_level3_age_d","0","ind_gender","femme",0.363849765258216,0.318088713807003,0.409610816709429,155,426,155,426,"prop_select_one @/@ edu_attending_level3_and_level3_age_d %/% 0 @/@ ind_gender %/% femme"
"32.2","prop_select_one","edu_attending_level3_and_level3_age_d","1","ind_gender","femme",0.636150234741784,0.590389183290571,0.681911286192997,271,426,271,426,"prop_select_one @/@ edu_attending_level3_and_level3_age_d %/% 1 @/@ ind_gender %/% femme"
"32.3","prop_select_one","edu_attending_level3_and_level3_age_d",NA,"ind_gender","femme",NA,NA,NA,1152,NA,NA,NA,"prop_select_one @/@ edu_attending_level3_and_level3_age_d %/% NA @/@ ind_gender %/% femme"
"32.4","prop_select_one","edu_attending_level3_and_level3_age_d","0","ind_gender","homme",0.427848101265823,0.378975908258749,0.476720294272897,169,395,169,395,"prop_select_one @/@ edu_attending_level3_and_level3_age_d %/% 0 @/@ ind_gender %/% homme"
"32.5","prop_select_one","edu_attending_level3_and_level3_age_d","1","ind_gender","homme",0.572151898734177,0.523279705727103,0.621024091741251,226,395,226,395,"prop_select_one @/@ edu_attending_level3_and_level3_age_d %/% 1 @/@ ind_gender %/% homme"
"32.6","prop_select_one","edu_attending_level3_and_level3_age_d",NA,"ind_gender","homme",NA,NA,NA,1116,NA,NA,NA,"prop_select_one @/@ edu_attending_level3_and_level3_age_d %/% NA @/@ ind_gender %/% homme"
"33.1","prop_select_one","edu_level1_overage_learners_d","0","ind_gender","femme",0.920149253731343,0.905626889762314,0.934671617700372,1233,1340,1233,1340,"prop_select_one @/@ edu_level1_overage_learners_d %/% 0 @/@ ind_gender %/% femme"
"33.2","prop_select_one","edu_level1_overage_learners_d","1","ind_gender","femme",0.0798507462686567,0.0653283822996279,0.0943731102376855,107,1340,107,1340,"prop_select_one @/@ edu_level1_overage_learners_d %/% 1 @/@ ind_gender %/% femme"
"33.3","prop_select_one","edu_level1_overage_learners_d",NA,"ind_gender","femme",NA,NA,NA,238,NA,NA,NA,"prop_select_one @/@ edu_level1_overage_learners_d %/% NA @/@ ind_gender %/% femme"
"33.4","prop_select_one","edu_level1_overage_learners_d","0","ind_gender","homme",0.88207171314741,0.86421670030297,0.899926725991851,1107,1255,1107,1255,"prop_select_one @/@ edu_level1_overage_learners_d %/% 0 @/@ ind_gender %/% homme"
"33.5","prop_select_one","edu_level1_overage_learners_d","1","ind_gender","homme",0.11792828685259,0.10007327400815,0.13578329969703,148,1255,148,1255,"prop_select_one @/@ edu_level1_overage_learners_d %/% 1 @/@ ind_gender %/% homme"
"33.6","prop_select_one","edu_level1_overage_learners_d",NA,"ind_gender","homme",NA,NA,NA,256,NA,NA,NA,"prop_select_one @/@ edu_level1_overage_learners_d %/% NA @/@ ind_gender %/% homme"
"34.1","prop_select_one","edu_level2_overage_learners_d","0","ind_gender","femme",0.976865671641791,0.968811617213606,0.984919726069976,1309,1340,1309,1340,"prop_select_one @/@ edu_level2_overage_learners_d %/% 0 @/@ ind_gender %/% femme"
"34.2","prop_select_one","edu_level2_overage_learners_d","1","ind_gender","femme",0.023134328358209,0.0150802739300241,0.0311883827863939,31,1340,31,1340,"prop_select_one @/@ edu_level2_overage_learners_d %/% 1 @/@ ind_gender %/% femme"
"34.3","prop_select_one","edu_level2_overage_learners_d",NA,"ind_gender","femme",NA,NA,NA,238,NA,NA,NA,"prop_select_one @/@ edu_level2_overage_learners_d %/% NA @/@ ind_gender %/% femme"
"34.4","prop_select_one","edu_level2_overage_learners_d","0","ind_gender","homme",0.978486055776893,0.970453817852749,0.986518293701036,1228,1255,1228,1255,"prop_select_one @/@ edu_level2_overage_learners_d %/% 0 @/@ ind_gender %/% homme"
"34.5","prop_select_one","edu_level2_overage_learners_d","1","ind_gender","homme",0.0215139442231076,0.0134817062989642,0.029546182147251,27,1255,27,1255,"prop_select_one @/@ edu_level2_overage_learners_d %/% 1 @/@ ind_gender %/% homme"
"34.6","prop_select_one","edu_level2_overage_learners_d",NA,"ind_gender","homme",NA,NA,NA,256,NA,NA,NA,"prop_select_one @/@ edu_level2_overage_learners_d %/% NA @/@ ind_gender %/% homme"
"35.1","prop_select_one","edu_disrupted_teacher_d","0","ind_gender","femme",0.763058289174868,0.740114155299635,0.7860024230501,1008,1321,1008,1321,"prop_select_one @/@ edu_disrupted_teacher_d %/% 0 @/@ ind_gender %/% femme"
"35.2","prop_select_one","edu_disrupted_teacher_d","1","ind_gender","femme",0.236941710825132,0.2139975769499,0.259885844700365,313,1321,313,1321,"prop_select_one @/@ edu_disrupted_teacher_d %/% 1 @/@ ind_gender %/% femme"
"35.3","prop_select_one","edu_disrupted_teacher_d",NA,"ind_gender","femme",NA,NA,NA,257,NA,NA,NA,"prop_select_one @/@ edu_disrupted_teacher_d %/% NA @/@ ind_gender %/% femme"
"35.4","prop_select_one","edu_disrupted_teacher_d","0","ind_gender","homme",0.785369774919614,0.762540306368478,0.80819924347075,977,1244,977,1244,"prop_select_one @/@ edu_disrupted_teacher_d %/% 0 @/@ ind_gender %/% homme"
"35.5","prop_select_one","edu_disrupted_teacher_d","1","ind_gender","homme",0.214630225080386,0.19180075652925,0.237459693631522,267,1244,267,1244,"prop_select_one @/@ edu_disrupted_teacher_d %/% 1 @/@ ind_gender %/% homme"
"35.6","prop_select_one","edu_disrupted_teacher_d",NA,"ind_gender","homme",NA,NA,NA,267,NA,NA,NA,"prop_select_one @/@ edu_disrupted_teacher_d %/% NA @/@ ind_gender %/% homme"
"36.1","prop_select_one","edu_disrupted_occupation_d","0","ind_gender","femme",0.987606506584043,0.981567670252267,0.99364534291582,1275,1291,1275,1291,"prop_select_one @/@ edu_disrupted_occupation_d %/% 0 @/@ ind_gender %/% femme"
"36.2","prop_select_one","edu_disrupted_occupation_d","1","ind_gender","femme",0.0123934934159566,0.00635465708418019,0.0184323297477331,16,1291,16,1291,"prop_select_one @/@ edu_disrupted_occupation_d %/% 1 @/@ ind_gender %/% femme"
"36.3","prop_select_one","edu_disrupted_occupation_d",NA,"ind_gender","femme",NA,NA,NA,287,NA,NA,NA,"prop_select_one @/@ edu_disrupted_occupation_d %/% NA @/@ ind_gender %/% femme"
"36.4","prop_select_one","edu_disrupted_occupation_d","0","ind_gender","homme",0.991830065359477,0.986783861916214,0.99687626880274,1214,1224,1214,1224,"prop_select_one @/@ edu_disrupted_occupation_d %/% 0 @/@ ind_gender %/% homme"
"36.5","prop_select_one","edu_disrupted_occupation_d","1","ind_gender","homme",0.00816993464052288,0.00312373119726007,0.0132161380837857,10,1224,10,1224,"prop_select_one @/@ edu_disrupted_occupation_d %/% 1 @/@ ind_gender %/% homme"
"36.6","prop_select_one","edu_disrupted_occupation_d",NA,"ind_gender","homme",NA,NA,NA,287,NA,NA,NA,"prop_select_one @/@ edu_disrupted_occupation_d %/% NA @/@ ind_gender %/% homme"
"37.1","prop_select_one","edu_disrupted_hazards_d","0","ind_gender","femme",0.847533632286996,0.828260227165022,0.866807037408969,1134,1338,1134,1338,"prop_select_one @/@ edu_disrupted_hazards_d %/% 0 @/@ ind_gender %/% femme"
"37.2","prop_select_one","edu_disrupted_hazards_d","1","ind_gender","femme",0.152466367713004,0.133192962591031,0.171739772834978,204,1338,204,1338,"prop_select_one @/@ edu_disrupted_hazards_d %/% 1 @/@ ind_gender %/% femme"
"37.3","prop_select_one","edu_disrupted_hazards_d",NA,"ind_gender","femme",NA,NA,NA,240,NA,NA,NA,"prop_select_one @/@ edu_disrupted_hazards_d %/% NA @/@ ind_gender %/% femme"
"37.4","prop_select_one","edu_disrupted_hazards_d","0","ind_gender","homme",0.863275039745628,0.844278295150127,0.882271784341129,1086,1258,1086,1258,"prop_select_one @/@ edu_disrupted_hazards_d %/% 0 @/@ ind_gender %/% homme"
"37.5","prop_select_one","edu_disrupted_hazards_d","1","ind_gender","homme",0.136724960254372,0.117728215658871,0.155721704849873,172,1258,172,1258,"prop_select_one @/@ edu_disrupted_hazards_d %/% 1 @/@ ind_gender %/% homme"
"37.6","prop_select_one","edu_disrupted_hazards_d",NA,"ind_gender","homme",NA,NA,NA,253,NA,NA,NA,"prop_select_one @/@ edu_disrupted_hazards_d %/% NA @/@ ind_gender %/% homme"
"38.1","prop_select_one","edu_disrupted_displaced_d","0","ind_gender","femme",0.969767441860465,0.960417594607149,0.979117289113781,1251,1290,1251,1290,"prop_select_one @/@ edu_disrupted_displaced_d %/% 0 @/@ ind_gender %/% femme"
"38.2","prop_select_one","edu_disrupted_displaced_d","1","ind_gender","femme",0.0302325581395349,0.0208827108862191,0.0395824053928506,39,1290,39,1290,"prop_select_one @/@ edu_disrupted_displaced_d %/% 1 @/@ ind_gender %/% femme"
"38.3","prop_select_one","edu_disrupted_displaced_d",NA,"ind_gender","femme",NA,NA,NA,288,NA,NA,NA,"prop_select_one @/@ edu_disrupted_displaced_d %/% NA @/@ ind_gender %/% femme"
"38.4","prop_select_one","edu_disrupted_displaced_d","0","ind_gender","homme",0.96551724137931,0.955263425929517,0.975771056829104,1176,1218,1176,1218,"prop_select_one @/@ edu_disrupted_displaced_d %/% 0 @/@ ind_gender %/% homme"
"38.5","prop_select_one","edu_disrupted_displaced_d","1","ind_gender","homme",0.0344827586206897,0.0242289431708961,0.0447365740704832,42,1218,42,1218,"prop_select_one @/@ edu_disrupted_displaced_d %/% 1 @/@ ind_gender %/% homme"
"38.6","prop_select_one","edu_disrupted_displaced_d",NA,"ind_gender","homme",NA,NA,NA,293,NA,NA,NA,"prop_select_one @/@ edu_disrupted_displaced_d %/% NA @/@ ind_gender %/% homme"
"39.1","prop_select_one","edu_barrier_d","child_marriage","ind_gender","femme",0.043010752688172,0.0137606995652786,0.0722608058110655,8,186,8,186,"prop_select_one @/@ edu_barrier_d %/% child_marriage @/@ ind_gender %/% femme"
"39.2","prop_select_one","edu_barrier_d","costs","ind_gender","femme",0.78494623655914,0.725711278120654,0.844181194997626,146,186,146,186,"prop_select_one @/@ edu_barrier_d %/% costs @/@ ind_gender %/% femme"
"39.3","prop_select_one","edu_barrier_d","enroll_lack_documentation","ind_gender","femme",0.010752688172043,-0.00411678473252734,0.0256221610766134,2,186,2,186,"prop_select_one @/@ edu_barrier_d %/% enroll_lack_documentation @/@ ind_gender %/% femme"
"39.4","prop_select_one","edu_barrier_d","handicap_child","ind_gender","femme",0.0161290322580645,-0.00203272374336458,0.0342907882594936,3,186,3,186,"prop_select_one @/@ edu_barrier_d %/% handicap_child @/@ ind_gender %/% femme"
"39.5","prop_select_one","edu_barrier_d","lack_accessible_school","ind_gender","femme",0.010752688172043,-0.00411678473252734,0.0256221610766134,2,186,2,186,"prop_select_one @/@ edu_barrier_d %/% lack_accessible_school @/@ ind_gender %/% femme"
"39.6","prop_select_one","edu_barrier_d","lack_classrooms","ind_gender","femme",0.00537634408602151,-0.00516649380396823,0.0159191819760112,1,186,1,186,"prop_select_one @/@ edu_barrier_d %/% lack_classrooms @/@ ind_gender %/% femme"
"39.7","prop_select_one","edu_barrier_d","lack_interest","ind_gender","femme",0.0591397849462366,0.0251313198441386,0.0931482500483345,11,186,11,186,"prop_select_one @/@ edu_barrier_d %/% lack_interest @/@ ind_gender %/% femme"
"39.8","prop_select_one","edu_barrier_d","other","ind_gender","femme",0.043010752688172,0.0137606995652786,0.0722608058110655,8,186,8,186,"prop_select_one @/@ edu_barrier_d %/% other @/@ ind_gender %/% femme"
"39.9","prop_select_one","edu_barrier_d","pnta","ind_gender","femme",0.00537634408602151,-0.00516649380396823,0.0159191819760112,1,186,1,186,"prop_select_one @/@ edu_barrier_d %/% pnta @/@ ind_gender %/% femme"
"39.10","prop_select_one","edu_barrier_d","protection_at_school","ind_gender","femme",0.00537634408602151,-0.00516649380396825,0.0159191819760113,1,186,1,186,"prop_select_one @/@ edu_barrier_d %/% protection_at_school @/@ ind_gender %/% femme"
"39.11","prop_select_one","edu_barrier_d","protection_travel_school","ind_gender","femme",0.010752688172043,-0.00411678473252735,0.0256221610766134,2,186,2,186,"prop_select_one @/@ edu_barrier_d %/% protection_travel_school @/@ ind_gender %/% femme"
"39.12","prop_select_one","edu_barrier_d","school_closed","ind_gender","femme",0.00537634408602151,-0.00516649380396825,0.0159191819760113,1,186,1,186,"prop_select_one @/@ edu_barrier_d %/% school_closed @/@ ind_gender %/% femme"
"39.13","prop_select_one","edu_barrier_d",NA,"ind_gender","femme",NA,NA,NA,1392,NA,NA,NA,"prop_select_one @/@ edu_barrier_d %/% NA @/@ ind_gender %/% femme"
"39.14","prop_select_one","edu_barrier_d","child_marriage","ind_gender","homme",0.00469483568075117,-0.00451473968294202,0.0139044110444444,1,213,1,213,"prop_select_one @/@ edu_barrier_d %/% child_marriage @/@ ind_gender %/% homme"
"39.15","prop_select_one","edu_barrier_d","child_work_home","ind_gender","homme",0.00938967136150235,-0.00360388100840296,0.0223832237314077,2,213,2,213,"prop_select_one @/@ edu_barrier_d %/% child_work_home @/@ ind_gender %/% homme"
"39.16","prop_select_one","edu_barrier_d","child_work_outside","ind_gender","homme",0.00469483568075117,-0.00451473968294203,0.0139044110444444,1,213,1,213,"prop_select_one @/@ edu_barrier_d %/% child_work_outside @/@ ind_gender %/% homme"
"39.17","prop_select_one","edu_barrier_d","costs","ind_gender","homme",0.835680751173709,0.785756024140292,0.885605478207126,178,213,178,213,"prop_select_one @/@ edu_barrier_d %/% costs @/@ ind_gender %/% homme"
"39.18","prop_select_one","edu_barrier_d","dnk","ind_gender","homme",0.00938967136150235,-0.00360388100840291,0.0223832237314076,2,213,2,213,"prop_select_one @/@ edu_barrier_d %/% dnk @/@ ind_gender %/% homme"
"39.19","prop_select_one","edu_barrier_d","enroll_lack_documentation","ind_gender","homme",0.00938967136150235,-0.00360388100840296,0.0223832237314077,2,213,2,213,"prop_select_one @/@ edu_barrier_d %/% enroll_lack_documentation @/@ ind_gender %/% homme"
"39.20","prop_select_one","edu_barrier_d","handicap_child","ind_gender","homme",0.0234741784037559,0.00307614280712202,0.0438722140003897,5,213,5,213,"prop_select_one @/@ edu_barrier_d %/% handicap_child @/@ ind_gender %/% homme"
"39.21","prop_select_one","edu_barrier_d","lack_classrooms","ind_gender","homme",0.00469483568075117,-0.00451473968294203,0.0139044110444444,1,213,1,213,"prop_select_one @/@ edu_barrier_d %/% lack_classrooms @/@ ind_gender %/% homme"
"39.22","prop_select_one","edu_barrier_d","lack_interest","ind_gender","homme",0.028169014084507,0.00587786412016034,0.0504601640488537,6,213,6,213,"prop_select_one @/@ edu_barrier_d %/% lack_interest @/@ ind_gender %/% homme"
"39.23","prop_select_one","edu_barrier_d","other","ind_gender","homme",0.0469483568075117,0.0184500082033799,0.0754467054116436,10,213,10,213,"prop_select_one @/@ edu_barrier_d %/% other @/@ ind_gender %/% homme"
"39.24","prop_select_one","edu_barrier_d","pnta","ind_gender","homme",0.0187793427230047,0.000490980519120141,0.0370677049268893,4,213,4,213,"prop_select_one @/@ edu_barrier_d %/% pnta @/@ ind_gender %/% homme"
"39.25","prop_select_one","edu_barrier_d","school_closed","ind_gender","homme",0.00469483568075117,-0.00451473968294204,0.0139044110444444,1,213,1,213,"prop_select_one @/@ edu_barrier_d %/% school_closed @/@ ind_gender %/% homme"
"39.26","prop_select_one","edu_barrier_d",NA,"ind_gender","homme",NA,NA,NA,1298,NA,NA,NA,"prop_select_one @/@ edu_barrier_d %/% NA @/@ ind_gender %/% homme"
"40.1","prop_select_one","edu_ind_access_d","1","setting","camp",1,1,1,3,3,3,3,"prop_select_one @/@ edu_ind_access_d %/% 1 @/@ setting %/% camp"
"40.2","prop_select_one","edu_ind_access_d","0","setting","rural",0.175965665236052,0.158669400489694,0.193261929982409,328,1864,328,1864,"prop_select_one @/@ edu_ind_access_d %/% 0 @/@ setting %/% rural"
"40.3","prop_select_one","edu_ind_access_d","1","setting","rural",0.824034334763948,0.806738070017591,0.841330599510306,1536,1864,1536,1864,"prop_select_one @/@ edu_ind_access_d %/% 1 @/@ setting %/% rural"
"40.4","prop_select_one","edu_ind_access_d","0","setting","urban",0.125204582651391,0.106638665176472,0.14377050012631,153,1222,153,1222,"prop_select_one @/@ edu_ind_access_d %/% 0 @/@ setting %/% urban"
"40.5","prop_select_one","edu_ind_access_d","1","setting","urban",0.874795417348609,0.85622949987369,0.893361334823528,1069,1222,1069,1222,"prop_select_one @/@ edu_ind_access_d %/% 1 @/@ setting %/% urban"
"41.1","prop_select_one","edu_attending_level0_level1_and_level1_minus_one_age_d",NA,"setting","camp",NA,NA,NA,3,NA,NA,NA,"prop_select_one @/@ edu_attending_level0_level1_and_level1_minus_one_age_d %/% NA @/@ setting %/% camp"
"41.2","prop_select_one","edu_attending_level0_level1_and_level1_minus_one_age_d","0","setting","rural",0.166666666666667,0.0915702408027697,0.241763092530564,16,96,16,96,"prop_select_one @/@ edu_attending_level0_level1_and_level1_minus_one_age_d %/% 0 @/@ setting %/% rural"
"41.3","prop_select_one","edu_attending_level0_level1_and_level1_minus_one_age_d","1","setting","rural",0.833333333333333,0.758236907469436,0.90842975919723,80,96,80,96,"prop_select_one @/@ edu_attending_level0_level1_and_level1_minus_one_age_d %/% 1 @/@ setting %/% rural"
"41.4","prop_select_one","edu_attending_level0_level1_and_level1_minus_one_age_d",NA,"setting","rural",NA,NA,NA,1768,NA,NA,NA,"prop_select_one @/@ edu_attending_level0_level1_and_level1_minus_one_age_d %/% NA @/@ setting %/% rural"
"41.5","prop_select_one","edu_attending_level0_level1_and_level1_minus_one_age_d","0","setting","urban",0.106666666666667,0.0362927646164003,0.177040568716933,8,75,8,75,"prop_select_one @/@ edu_attending_level0_level1_and_level1_minus_one_age_d %/% 0 @/@ setting %/% urban"
"41.6","prop_select_one","edu_attending_level0_level1_and_level1_minus_one_age_d","1","setting","urban",0.893333333333333,0.822959431283067,0.9637072353836,67,75,67,75,"prop_select_one @/@ edu_attending_level0_level1_and_level1_minus_one_age_d %/% 1 @/@ setting %/% urban"
"41.7","prop_select_one","edu_attending_level0_level1_and_level1_minus_one_age_d",NA,"setting","urban",NA,NA,NA,1147,NA,NA,NA,"prop_select_one @/@ edu_attending_level0_level1_and_level1_minus_one_age_d %/% NA @/@ setting %/% urban"
"42.1","prop_select_one","edu_attending_level1_and_level1_minus_one_age_d",NA,"setting","camp",NA,NA,NA,3,NA,NA,NA,"prop_select_one @/@ edu_attending_level1_and_level1_minus_one_age_d %/% NA @/@ setting %/% camp"
"42.2","prop_select_one","edu_attending_level1_and_level1_minus_one_age_d","0","setting","rural",0.380952380952381,0.231090462285116,0.530814299619646,16,42,16,42,"prop_select_one @/@ edu_attending_level1_and_level1_minus_one_age_d %/% 0 @/@ setting %/% rural"
"42.3","prop_select_one","edu_attending_level1_and_level1_minus_one_age_d","1","setting","rural",0.619047619047619,0.469185700380354,0.768909537714884,26,42,26,42,"prop_select_one @/@ edu_attending_level1_and_level1_minus_one_age_d %/% 1 @/@ setting %/% rural"
"42.4","prop_select_one","edu_attending_level1_and_level1_minus_one_age_d",NA,"setting","rural",NA,NA,NA,1822,NA,NA,NA,"prop_select_one @/@ edu_attending_level1_and_level1_minus_one_age_d %/% NA @/@ setting %/% rural"
"42.5","prop_select_one","edu_attending_level1_and_level1_minus_one_age_d","0","setting","urban",0.4,0.18091674648434,0.61908325351566,8,20,8,20,"prop_select_one @/@ edu_attending_level1_and_level1_minus_one_age_d %/% 0 @/@ setting %/% urban"
"42.6","prop_select_one","edu_attending_level1_and_level1_minus_one_age_d","1","setting","urban",0.6,0.38091674648434,0.81908325351566,12,20,12,20,"prop_select_one @/@ edu_attending_level1_and_level1_minus_one_age_d %/% 1 @/@ setting %/% urban"
"42.7","prop_select_one","edu_attending_level1_and_level1_minus_one_age_d",NA,"setting","urban",NA,NA,NA,1202,NA,NA,NA,"prop_select_one @/@ edu_attending_level1_and_level1_minus_one_age_d %/% NA @/@ setting %/% urban"
"43.1","prop_select_one","edu_attending_level123_and_level1_age_d","1","setting","camp",1,1,1,1,1,1,1,"prop_select_one @/@ edu_attending_level123_and_level1_age_d %/% 1 @/@ setting %/% camp"
"43.2","prop_select_one","edu_attending_level123_and_level1_age_d",NA,"setting","camp",NA,NA,NA,2,NA,NA,NA,"prop_select_one @/@ edu_attending_level123_and_level1_age_d %/% NA @/@ setting %/% camp"
"43.3","prop_select_one","edu_attending_level123_and_level1_age_d","0","setting","rural",0.147368421052632,0.123583260785875,0.171153581319389,126,855,126,855,"prop_select_one @/@ edu_attending_level123_and_level1_age_d %/% 0 @/@ setting %/% rural"
"43.4","prop_select_one","edu_attending_level123_and_level1_age_d","1","setting","rural",0.852631578947368,0.828846418680611,0.876416739214125,729,855,729,855,"prop_select_one @/@ edu_attending_level123_and_level1_age_d %/% 1 @/@ setting %/% rural"
"43.5","prop_select_one","edu_attending_level123_and_level1_age_d",NA,"setting","rural",NA,NA,NA,1009,NA,NA,NA,"prop_select_one @/@ edu_attending_level123_and_level1_age_d %/% NA @/@ setting %/% rural"
"43.6","prop_select_one","edu_attending_level123_and_level1_age_d","0","setting","urban",0.0798403193612774,0.0560812138047469,0.103599424917808,40,501,40,501,"prop_select_one @/@ edu_attending_level123_and_level1_age_d %/% 0 @/@ setting %/% urban"
"43.7","prop_select_one","edu_attending_level123_and_level1_age_d","1","setting","urban",0.920159680638722,0.896400575082192,0.943918786195253,461,501,461,501,"prop_select_one @/@ edu_attending_level123_and_level1_age_d %/% 1 @/@ setting %/% urban"
"43.8","prop_select_one","edu_attending_level123_and_level1_age_d",NA,"setting","urban",NA,NA,NA,721,NA,NA,NA,"prop_select_one @/@ edu_attending_level123_and_level1_age_d %/% NA @/@ setting %/% urban"
"44.1","prop_select_one","edu_attending_level23_and_level2_age_d","1","setting","camp",1,1,1,1,1,1,1,"prop_select_one @/@ edu_attending_level23_and_level2_age_d %/% 1 @/@ setting %/% camp"
"44.2","prop_select_one","edu_attending_level23_and_level2_age_d",NA,"setting","camp",NA,NA,NA,2,NA,NA,NA,"prop_select_one @/@ edu_attending_level23_and_level2_age_d %/% NA @/@ setting %/% camp"
"44.3","prop_select_one","edu_attending_level23_and_level2_age_d","0","setting","rural",0.148314606741573,0.115233363400802,0.181395850082344,66,445,66,445,"prop_select_one @/@ edu_attending_level23_and_level2_age_d %/% 0 @/@ setting %/% rural"
"44.4","prop_select_one","edu_attending_level23_and_level2_age_d","1","setting","rural",0.851685393258427,0.818604149917656,0.884766636599198,379,445,379,445,"prop_select_one @/@ edu_attending_level23_and_level2_age_d %/% 1 @/@ setting %/% rural"
"44.5","prop_select_one","edu_attending_level23_and_level2_age_d",NA,"setting","rural",NA,NA,NA,1419,NA,NA,NA,"prop_select_one @/@ edu_attending_level23_and_level2_age_d %/% NA @/@ setting %/% rural"
"44.6","prop_select_one","edu_attending_level23_and_level2_age_d","0","setting","urban",0.0986394557823129,0.0644941341490631,0.132784777415563,29,294,29,294,"prop_select_one @/@ edu_attending_level23_and_level2_age_d %/% 0 @/@ setting %/% urban"
"44.7","prop_select_one","edu_attending_level23_and_level2_age_d","1","setting","urban",0.901360544217687,0.867215222584437,0.935505865850937,265,294,265,294,"prop_select_one @/@ edu_attending_level23_and_level2_age_d %/% 1 @/@ setting %/% urban"
"44.8","prop_select_one","edu_attending_level23_and_level2_age_d",NA,"setting","urban",NA,NA,NA,928,NA,NA,NA,"prop_select_one @/@ edu_attending_level23_and_level2_age_d %/% NA @/@ setting %/% urban"
"45.1","prop_select_one","edu_attending_level3_and_level3_age_d","1","setting","camp",1,1,1,1,1,1,1,"prop_select_one @/@ edu_attending_level3_and_level3_age_d %/% 1 @/@ setting %/% camp"
"45.2","prop_select_one","edu_attending_level3_and_level3_age_d",NA,"setting","camp",NA,NA,NA,2,NA,NA,NA,"prop_select_one @/@ edu_attending_level3_and_level3_age_d %/% NA @/@ setting %/% camp"
"45.3","prop_select_one","edu_attending_level3_and_level3_age_d","0","setting","rural",0.455128205128205,0.409937302992849,0.500319107263562,213,468,213,468,"prop_select_one @/@ edu_attending_level3_and_level3_age_d %/% 0 @/@ setting %/% rural"
"45.4","prop_select_one","edu_attending_level3_and_level3_age_d","1","setting","rural",0.544871794871795,0.499680892736439,0.590062697007151,255,468,255,468,"prop_select_one @/@ edu_attending_level3_and_level3_age_d %/% 1 @/@ setting %/% rural"
"45.5","prop_select_one","edu_attending_level3_and_level3_age_d",NA,"setting","rural",NA,NA,NA,1396,NA,NA,NA,"prop_select_one @/@ edu_attending_level3_and_level3_age_d %/% NA @/@ setting %/% rural"
"45.6","prop_select_one","edu_attending_level3_and_level3_age_d","0","setting","urban",0.315340909090909,0.266720801643202,0.363961016538617,111,352,111,352,"prop_select_one @/@ edu_attending_level3_and_level3_age_d %/% 0 @/@ setting %/% urban"
"45.7","prop_select_one","edu_attending_level3_and_level3_age_d","1","setting","urban",0.684659090909091,0.636038983461384,0.733279198356798,241,352,241,352,"prop_select_one @/@ edu_attending_level3_and_level3_age_d %/% 1 @/@ setting %/% urban"
"45.8","prop_select_one","edu_attending_level3_and_level3_age_d",NA,"setting","urban",NA,NA,NA,870,NA,NA,NA,"prop_select_one @/@ edu_attending_level3_and_level3_age_d %/% NA @/@ setting %/% urban"
"46.1","prop_select_one","edu_level1_overage_learners_d","0","setting","camp",1,1,1,3,3,3,3,"prop_select_one @/@ edu_level1_overage_learners_d %/% 0 @/@ setting %/% camp"
"46.2","prop_select_one","edu_level1_overage_learners_d","0","setting","rural",0.867493472584856,0.8505054257742,0.884481519395512,1329,1532,1329,1532,"prop_select_one @/@ edu_level1_overage_learners_d %/% 0 @/@ setting %/% rural"
"46.3","prop_select_one","edu_level1_overage_learners_d","1","setting","rural",0.132506527415144,0.115518480604488,0.1494945742258,203,1532,203,1532,"prop_select_one @/@ edu_level1_overage_learners_d %/% 1 @/@ setting %/% rural"
"46.4","prop_select_one","edu_level1_overage_learners_d",NA,"setting","rural",NA,NA,NA,332,NA,NA,NA,"prop_select_one @/@ edu_level1_overage_learners_d %/% NA @/@ setting %/% rural"
"46.5","prop_select_one","edu_level1_overage_learners_d","0","setting","urban",0.950943396226415,0.937932889022246,0.963953903430584,1008,1060,1008,1060,"prop_select_one @/@ edu_level1_overage_learners_d %/% 0 @/@ setting %/% urban"
"46.6","prop_select_one","edu_level1_overage_learners_d","1","setting","urban",0.0490566037735849,0.0360460965694161,0.0620671109777537,52,1060,52,1060,"prop_select_one @/@ edu_level1_overage_learners_d %/% 1 @/@ setting %/% urban"
"46.7","prop_select_one","edu_level1_overage_learners_d",NA,"setting","urban",NA,NA,NA,162,NA,NA,NA,"prop_select_one @/@ edu_level1_overage_learners_d %/% NA @/@ setting %/% urban"
"47.1","prop_select_one","edu_level2_overage_learners_d","0","setting","camp",1,1,1,3,3,3,3,"prop_select_one @/@ edu_level2_overage_learners_d %/% 0 @/@ setting %/% camp"
"47.2","prop_select_one","edu_level2_overage_learners_d","0","setting","rural",0.970626631853786,0.962166158134838,0.979087105572734,1487,1532,1487,1532,"prop_select_one @/@ edu_level2_overage_learners_d %/% 0 @/@ setting %/% rural"
"47.3","prop_select_one","edu_level2_overage_learners_d","1","setting","rural",0.0293733681462141,0.0209128944272657,0.0378338418651625,45,1532,45,1532,"prop_select_one @/@ edu_level2_overage_learners_d %/% 1 @/@ setting %/% rural"
"47.4","prop_select_one","edu_level2_overage_learners_d",NA,"setting","rural",NA,NA,NA,332,NA,NA,NA,"prop_select_one @/@ edu_level2_overage_learners_d %/% NA @/@ setting %/% rural"
"47.5","prop_select_one","edu_level2_overage_learners_d","0","setting","urban",0.987735849056604,0.981105944038346,0.994365754074861,1047,1060,1047,1060,"prop_select_one @/@ edu_level2_overage_learners_d %/% 0 @/@ setting %/% urban"
"47.6","prop_select_one","edu_level2_overage_learners_d","1","setting","urban",0.0122641509433962,0.0056342459251388,0.0188940559616537,13,1060,13,1060,"prop_select_one @/@ edu_level2_overage_learners_d %/% 1 @/@ setting %/% urban"
"47.7","prop_select_one","edu_level2_overage_learners_d",NA,"setting","urban",NA,NA,NA,162,NA,NA,NA,"prop_select_one @/@ edu_level2_overage_learners_d %/% NA @/@ setting %/% urban"
"48.1","prop_select_one","edu_disrupted_teacher_d","0","setting","camp",1,1,1,3,3,3,3,"prop_select_one @/@ edu_disrupted_teacher_d %/% 0 @/@ setting %/% camp"
"48.2","prop_select_one","edu_disrupted_teacher_d","0","setting","rural",0.77120315581854,0.750079539692058,0.792326771945023,1173,1521,1173,1521,"prop_select_one @/@ edu_disrupted_teacher_d %/% 0 @/@ setting %/% rural"
"48.3","prop_select_one","edu_disrupted_teacher_d","1","setting","rural",0.22879684418146,0.207673228054977,0.249920460307943,348,1521,348,1521,"prop_select_one @/@ edu_disrupted_teacher_d %/% 1 @/@ setting %/% rural"
"48.4","prop_select_one","edu_disrupted_teacher_d",NA,"setting","rural",NA,NA,NA,343,NA,NA,NA,"prop_select_one @/@ edu_disrupted_teacher_d %/% NA @/@ setting %/% rural"
"48.5","prop_select_one","edu_disrupted_teacher_d","0","setting","urban",0.777137367915466,0.751840566084324,0.802434169746608,809,1041,809,1041,"prop_select_one @/@ edu_disrupted_teacher_d %/% 0 @/@ setting %/% urban"
"48.6","prop_select_one","edu_disrupted_teacher_d","1","setting","urban",0.222862632084534,0.197565830253392,0.248159433915676,232,1041,232,1041,"prop_select_one @/@ edu_disrupted_teacher_d %/% 1 @/@ setting %/% urban"
"48.7","prop_select_one","edu_disrupted_teacher_d",NA,"setting","urban",NA,NA,NA,181,NA,NA,NA,"prop_select_one @/@ edu_disrupted_teacher_d %/% NA @/@ setting %/% urban"
"49.1","prop_select_one","edu_disrupted_occupation_d","0","setting","camp",1,1,1,3,3,3,3,"prop_select_one @/@ edu_disrupted_occupation_d %/% 0 @/@ setting %/% camp"
"49.2","prop_select_one","edu_disrupted_occupation_d","0","setting","rural",0.989225589225589,0.983971363243428,0.99447981520775,1469,1485,1469,1485,"prop_select_one @/@ edu_disrupted_occupation_d %/% 0 @/@ setting %/% rural"
"49.3","prop_select_one","edu_disrupted_occupation_d","1","setting","rural",0.0107744107744108,0.00552018479225,0.0160286367565715,16,1485,16,1485,"prop_select_one @/@ edu_disrupted_occupation_d %/% 1 @/@ setting %/% rural"
"49.4","prop_select_one","edu_disrupted_occupation_d",NA,"setting","rural",NA,NA,NA,379,NA,NA,NA,"prop_select_one @/@ edu_disrupted_occupation_d %/% NA @/@ setting %/% rural"
"49.5","prop_select_one","edu_disrupted_occupation_d","0","setting","urban",0.990262901655307,0.984253484533823,0.99627231877679,1017,1027,1017,1027,"prop_select_one @/@ edu_disrupted_occupation_d %/% 0 @/@ setting %/% urban"
"49.6","prop_select_one","edu_disrupted_occupation_d","1","setting","urban",0.00973709834469328,0.00372768122320956,0.015746515466177,10,1027,10,1027,"prop_select_one @/@ edu_disrupted_occupation_d %/% 1 @/@ setting %/% urban"
"49.7","prop_select_one","edu_disrupted_occupation_d",NA,"setting","urban",NA,NA,NA,195,NA,NA,NA,"prop_select_one @/@ edu_disrupted_occupation_d %/% NA @/@ setting %/% urban"
"50.1","prop_select_one","edu_disrupted_hazards_d","0","setting","camp",0.666666666666667,0.132896710779784,1.20043662255355,2,3,2,3,"prop_select_one @/@ edu_disrupted_hazards_d %/% 0 @/@ setting %/% camp"
"50.2","prop_select_one","edu_disrupted_hazards_d","1","setting","camp",0.333333333333333,-0.200436622553549,0.867103289220216,1,3,1,3,"prop_select_one @/@ edu_disrupted_hazards_d %/% 1 @/@ setting %/% camp"
"50.3","prop_select_one","edu_disrupted_hazards_d","0","setting","rural",0.860222077073808,0.842841747898646,0.87760240624897,1317,1531,1317,1531,"prop_select_one @/@ edu_disrupted_hazards_d %/% 0 @/@ setting %/% rural"
"50.4","prop_select_one","edu_disrupted_hazards_d","1","setting","rural",0.139777922926192,0.12239759375103,0.157158252101354,214,1531,214,1531,"prop_select_one @/@ edu_disrupted_hazards_d %/% 1 @/@ setting %/% rural"
"50.5","prop_select_one","edu_disrupted_hazards_d",NA,"setting","rural",NA,NA,NA,333,NA,NA,NA,"prop_select_one @/@ edu_disrupted_hazards_d %/% NA @/@ setting %/% rural"
"50.6","prop_select_one","edu_disrupted_hazards_d","0","setting","urban",0.848399246704331,0.826816358170282,0.869982135238381,901,1062,901,1062,"prop_select_one @/@ edu_disrupted_hazards_d %/% 0 @/@ setting %/% urban"
"50.7","prop_select_one","edu_disrupted_hazards_d","1","setting","urban",0.151600753295669,0.130017864761619,0.173183641829718,161,1062,161,1062,"prop_select_one @/@ edu_disrupted_hazards_d %/% 1 @/@ setting %/% urban"
"50.8","prop_select_one","edu_disrupted_hazards_d",NA,"setting","urban",NA,NA,NA,160,NA,NA,NA,"prop_select_one @/@ edu_disrupted_hazards_d %/% NA @/@ setting %/% urban"
"51.1","prop_select_one","edu_disrupted_displaced_d","0","setting","camp",1,1,1,3,3,3,3,"prop_select_one @/@ edu_disrupted_displaced_d %/% 0 @/@ setting %/% camp"
"51.2","prop_select_one","edu_disrupted_displaced_d","0","setting","rural",0.961930659415364,0.952145197131544,0.971716121699183,1415,1471,1415,1471,"prop_select_one @/@ edu_disrupted_displaced_d %/% 0 @/@ setting %/% rural"
"51.3","prop_select_one","edu_disrupted_displaced_d","1","setting","rural",0.0380693405846363,0.0282838783008171,0.0478548028684555,56,1471,56,1471,"prop_select_one @/@ edu_disrupted_displaced_d %/% 1 @/@ setting %/% rural"
"51.4","prop_select_one","edu_disrupted_displaced_d",NA,"setting","rural",NA,NA,NA,393,NA,NA,NA,"prop_select_one @/@ edu_disrupted_displaced_d %/% NA @/@ setting %/% rural"
"51.5","prop_select_one","edu_disrupted_displaced_d","0","setting","urban",0.975822050290135,0.966453704716307,0.985190395863964,1009,1034,1009,1034,"prop_select_one @/@ edu_disrupted_displaced_d %/% 0 @/@ setting %/% urban"
"51.6","prop_select_one","edu_disrupted_displaced_d","1","setting","urban",0.0241779497098646,0.0148096041360357,0.0335462952836935,25,1034,25,1034,"prop_select_one @/@ edu_disrupted_displaced_d %/% 1 @/@ setting %/% urban"
"51.7","prop_select_one","edu_disrupted_displaced_d",NA,"setting","urban",NA,NA,NA,188,NA,NA,NA,"prop_select_one @/@ edu_disrupted_displaced_d %/% NA @/@ setting %/% urban"
"52.1","prop_select_one","edu_barrier_d",NA,"setting","camp",NA,NA,NA,3,NA,NA,NA,"prop_select_one @/@ edu_barrier_d %/% NA @/@ setting %/% camp"
"52.2","prop_select_one","edu_barrier_d","child_marriage","setting","rural",0.0212014134275618,0.00436393945943293,0.0380388873956907,6,283,6,283,"prop_select_one @/@ edu_barrier_d %/% child_marriage @/@ setting %/% rural"
"52.3","prop_select_one","edu_barrier_d","child_work_home","setting","rural",0.00706713780918728,-0.00272391933651721,0.0168581949548918,2,283,2,283,"prop_select_one @/@ edu_barrier_d %/% child_work_home @/@ setting %/% rural"
"52.4","prop_select_one","edu_barrier_d","child_work_outside","setting","rural",0.00353356890459364,-0.00340206213744022,0.0104691999466275,1,283,1,283,"prop_select_one @/@ edu_barrier_d %/% child_work_outside @/@ setting %/% rural"
"52.5","prop_select_one","edu_barrier_d","costs","setting","rural",0.816254416961131,0.770988732748928,0.861520101173334,231,283,231,283,"prop_select_one @/@ edu_barrier_d %/% costs @/@ setting %/% rural"
"52.6","prop_select_one","edu_barrier_d","enroll_lack_documentation","setting","rural",0.0141342756183746,0.000336994126249933,0.0279315571104992,4,283,4,283,"prop_select_one @/@ edu_barrier_d %/% enroll_lack_documentation @/@ setting %/% rural"
"52.7","prop_select_one","edu_barrier_d","handicap_child","setting","rural",0.0247349823321555,0.00658128925480411,0.0428886754095068,7,283,7,283,"prop_select_one @/@ edu_barrier_d %/% handicap_child @/@ setting %/% rural"
"52.8","prop_select_one","edu_barrier_d","lack_accessible_school","setting","rural",0.00706713780918728,-0.00272391933651722,0.0168581949548918,2,283,2,283,"prop_select_one @/@ edu_barrier_d %/% lack_accessible_school @/@ setting %/% rural"
"52.9","prop_select_one","edu_barrier_d","lack_classrooms","setting","rural",0.00706713780918728,-0.00272391933651721,0.0168581949548918,2,283,2,283,"prop_select_one @/@ edu_barrier_d %/% lack_classrooms @/@ setting %/% rural"
"52.10","prop_select_one","edu_barrier_d","lack_interest","setting","rural",0.0353356890459364,0.013756120809466,0.0569152572824068,10,283,10,283,"prop_select_one @/@ edu_barrier_d %/% lack_interest @/@ setting %/% rural"
"52.11","prop_select_one","edu_barrier_d","other","setting","rural",0.03886925795053,0.0162779059656718,0.0614606099353883,11,283,11,283,"prop_select_one @/@ edu_barrier_d %/% other @/@ setting %/% rural"
"52.12","prop_select_one","edu_barrier_d","pnta","setting","rural",0.0106007067137809,-0.0013694840214448,0.0225708974490066,3,283,3,283,"prop_select_one @/@ edu_barrier_d %/% pnta @/@ setting %/% rural"
"52.13","prop_select_one","edu_barrier_d","protection_at_school","setting","rural",0.00353356890459364,-0.00340206213744019,0.0104691999466275,1,283,1,283,"prop_select_one @/@ edu_barrier_d %/% protection_at_school @/@ setting %/% rural"
"52.14","prop_select_one","edu_barrier_d","protection_travel_school","setting","rural",0.00353356890459364,-0.00340206213744019,0.0104691999466275,1,283,1,283,"prop_select_one @/@ edu_barrier_d %/% protection_travel_school @/@ setting %/% rural"
"52.15","prop_select_one","edu_barrier_d","school_closed","setting","rural",0.00706713780918728,-0.00272391933651723,0.0168581949548918,2,283,2,283,"prop_select_one @/@ edu_barrier_d %/% school_closed @/@ setting %/% rural"
"52.16","prop_select_one","edu_barrier_d",NA,"setting","rural",NA,NA,NA,1581,NA,NA,NA,"prop_select_one @/@ edu_barrier_d %/% NA @/@ setting %/% rural"
"52.17","prop_select_one","edu_barrier_d","child_marriage","setting","urban",0.0258620689655172,-0.00311496608487347,0.0548391040159079,3,116,3,116,"prop_select_one @/@ edu_barrier_d %/% child_marriage @/@ setting %/% urban"
"52.18","prop_select_one","edu_barrier_d","costs","setting","urban",0.801724137931034,0.728936187728344,0.874512088133724,93,116,93,116,"prop_select_one @/@ edu_barrier_d %/% costs @/@ setting %/% urban"
"52.19","prop_select_one","edu_barrier_d","dnk","setting","urban",0.0172413793103448,-0.00652272885772466,0.0410054874784143,2,116,2,116,"prop_select_one @/@ edu_barrier_d %/% dnk @/@ setting %/% urban"
"52.20","prop_select_one","edu_barrier_d","handicap_child","setting","urban",0.00862068965517241,-0.00825661217064841,0.0254979914809932,1,116,1,116,"prop_select_one @/@ edu_barrier_d %/% handicap_child @/@ setting %/% urban"
"52.21","prop_select_one","edu_barrier_d","lack_interest","setting","urban",0.0603448275862069,0.0168721524292415,0.103817502743172,7,116,7,116,"prop_select_one @/@ edu_barrier_d %/% lack_interest @/@ setting %/% urban"
"52.22","prop_select_one","edu_barrier_d","other","setting","urban",0.0603448275862069,0.0168721524292415,0.103817502743172,7,116,7,116,"prop_select_one @/@ edu_barrier_d %/% other @/@ setting %/% urban"
"52.23","prop_select_one","edu_barrier_d","pnta","setting","urban",0.0172413793103448,-0.00652272885772469,0.0410054874784143,2,116,2,116,"prop_select_one @/@ edu_barrier_d %/% pnta @/@ setting %/% urban"
"52.24","prop_select_one","edu_barrier_d","protection_travel_school","setting","urban",0.00862068965517241,-0.00825661217064842,0.0254979914809932,1,116,1,116,"prop_select_one @/@ edu_barrier_d %/% protection_travel_school @/@ setting %/% urban"
"52.25","prop_select_one","edu_barrier_d",NA,"setting","urban",NA,NA,NA,1106,NA,NA,NA,"prop_select_one @/@ edu_barrier_d %/% NA @/@ setting %/% urban"
